customer_id,snapshot_date,country,orders_last_window,revenue_last_window,recency_days,customer_age_days,predicted_churn_probability,predicted_churn
13185,2011-09-10 12:50:00,United Kingdom,1,71.4,177,177,0.8710626846349844,1
17747,2011-09-10 12:50:00,United Kingdom,1,71.4,22,22,0.8659655747220446,1
15313,2011-09-10 12:50:00,United Kingdom,1,52.0,19,19,0.8561758462592928,1
13841,2011-09-10 12:50:00,United Kingdom,1,85.0,162,162,0.8560820751261152,1
15668,2011-09-10 12:50:00,United Kingdom,1,76.32000000000001,127,127,0.85325245709953,1
13391,2011-09-10 12:50:00,United Kingdom,1,59.8,113,113,0.8417380061873039,1
15098,2011-09-10 12:50:00,United Kingdom,3,39916.5,91,91,0.8412792434551504,1
13120,2011-09-10 12:50:00,United Kingdom,1,30.599999999999998,148,148,0.8371523805881559,1
13147,2011-09-10 12:50:00,United Kingdom,1,118.80000000000001,9,9,0.8357344639577455,1
18013,2011-09-10 12:50:00,United Kingdom,2,187.29000000000002,64,64,0.8295694182579822,1
14351,2011-09-10 12:50:00,United Kingdom,1,51.0,74,74,0.8287151013094428,1
17102,2011-09-10 12:50:00,United Kingdom,1,25.5,171,171,0.8265902626016152,1
13218,2011-09-10 12:50:00,United Kingdom,1,62.63999999999999,36,36,0.8217327923907292,1
16162,2011-09-10 12:50:00,United Kingdom,1,37.4,161,161,0.8178384322811239,1
13302,2011-09-10 12:50:00,United Kingdom,1,63.75,64,436,0.8175448170653986,1
17775,2011-09-10 12:50:00,United Kingdom,1,56.4,164,164,0.8159362720473147,1
16257,2011-09-10 12:50:00,United Kingdom,1,46.95,86,86,0.8134103865386776,1
13682,2011-09-10 12:50:00,United Kingdom,1,59.5,96,96,0.8131255522829183,1
17060,2011-09-10 12:50:00,United Kingdom,1,234.24,175,175,0.8125833191440535,1
17174,2011-09-10 12:50:00,United Kingdom,1,59.9,127,127,0.807574717601911,1
18213,2011-09-10 12:50:00,United Kingdom,1,232.48000000000002,146,146,0.8055703517719703,1
15802,2011-09-10 12:50:00,United Kingdom,1,451.42,52,52,0.8015561205549651,1
16462,2011-09-10 12:50:00,United Kingdom,1,34.0,95,193,0.7994255123447467,1
15414,2011-09-10 12:50:00,United Kingdom,1,36.2,151,151,0.7939705857148924,1
13967,2011-09-10 12:50:00,United Kingdom,1,80.7,55,305,0.7885142603088587,1
14768,2011-09-10 12:50:00,United Kingdom,1,133.20000000000002,36,36,0.7880850551645494,1
14795,2011-09-10 12:50:00,United Kingdom,1,131.45000000000002,75,75,0.7867196481662883,1
12968,2011-09-10 12:50:00,United Kingdom,1,135.95,21,21,0.7825885964306009,1
13058,2011-09-10 12:50:00,United Kingdom,1,47.550000000000004,61,61,0.7824800251503894,1
14393,2011-09-10 12:50:00,United Kingdom,1,67.95,127,127,0.7807066406534034,1
12814,2011-09-10 12:50:00,Poland,1,125.92,11,11,0.7767332516591156,1
13917,2011-09-10 12:50:00,United Kingdom,1,65.38,101,101,0.7747613293126684,1
18072,2011-09-10 12:50:00,United Kingdom,1,247.44,95,95,0.7743174580258815,1
16659,2011-09-10 12:50:00,United Kingdom,1,39.12,98,98,0.7732614818124744,1
16144,2011-09-10 12:50:00,United Kingdom,1,175.2,156,156,0.7702877748374267,1
16093,2011-09-10 12:50:00,United Kingdom,1,17.0,16,16,0.7698059276081931,1
17956,2011-09-10 12:50:00,United Kingdom,1,12.75,158,158,0.7696751312408765,1
16610,2011-09-10 12:50:00,United Kingdom,1,75.66,128,128,0.7693392903410746,1
14495,2011-09-10 12:50:00,United Kingdom,1,40.599999999999994,30,569,0.7681963397906489,1
16849,2011-09-10 12:50:00,United Kingdom,1,124.57,96,96,0.7664993920516873,1
14066,2011-09-10 12:50:00,United Kingdom,1,152.55,176,176,0.7653597923612144,1
17443,2011-09-10 12:50:00,Canada,1,534.24,129,129,0.7650541524553238,1
15083,2011-09-10 12:50:00,United Kingdom,1,88.2,166,166,0.7650144242696717,1
13130,2011-09-10 12:50:00,United Kingdom,1,64.0,3,3,0.76267737517238,1
15178,2011-09-10 12:50:00,United Kingdom,1,40.5,169,169,0.7620421157086099,1
16055,2011-09-10 12:50:00,United Kingdom,1,134.8,130,130,0.7615234335956725,1
13570,2011-09-10 12:50:00,United Kingdom,1,239.49,152,152,0.760093239566417,1
17844,2011-09-10 12:50:00,Canada,1,51.559999999999995,16,16,0.7595154174646392,1
16114,2011-09-10 12:50:00,United Kingdom,1,135.75000000000003,80,80,0.7590485293834448,1
13023,2011-09-10 12:50:00,United Kingdom,1,336.40000000000003,39,438,0.758770620720326,1
15469,2011-09-10 12:50:00,United Kingdom,1,304.3,29,348,0.7585157446059042,1
16149,2011-09-10 12:50:00,United Kingdom,1,163.68,51,338,0.7580727382107494,1
14155,2011-09-10 12:50:00,United Kingdom,1,118.75,175,175,0.7568836047570089,1
12851,2011-09-10 12:50:00,United Kingdom,1,131.81,6,386,0.7549710711499005,1
12864,2011-09-10 12:50:00,United Kingdom,1,147.12,47,417,0.7541468141352962,1
13991,2011-09-10 12:50:00,United Kingdom,1,126.35,52,52,0.7528230398638979,1
17972,2011-09-10 12:50:00,United Kingdom,1,135.19,151,151,0.752593386474638,1
16617,2011-09-10 12:50:00,United Kingdom,1,151.85,145,145,0.7523278027160364,1
14960,2011-09-10 12:50:00,United Kingdom,1,88.3,80,80,0.7517713276432105,1
14117,2011-09-10 12:50:00,United Kingdom,1,90.0,53,53,0.7499370411565827,1
13867,2011-09-10 12:50:00,United Kingdom,1,138.85,127,127,0.7495008591715616,1
14259,2011-09-10 12:50:00,United Kingdom,1,120.0,51,51,0.7485695259698434,1
15408,2011-09-10 12:50:00,United Kingdom,1,267.18,173,173,0.7485516201026674,1
18040,2011-09-10 12:50:00,United Kingdom,1,239.0,155,155,0.7478318999563902,1
15374,2011-09-10 12:50:00,United Kingdom,1,168.0,38,534,0.7469615794108091,1
14697,2011-09-10 12:50:00,United Kingdom,2,188.60999999999999,127,127,0.7466088866877905,1
18224,2011-09-10 12:50:00,United Kingdom,1,158.95000000000002,173,173,0.7462844314030982,1
13099,2011-09-10 12:50:00,United Kingdom,1,207.35999999999999,8,8,0.7447680920846835,1
17166,2011-09-10 12:50:00,United Kingdom,1,127.59,113,113,0.7434617516028335,1
17455,2011-09-10 12:50:00,United Kingdom,1,131.7,113,113,0.7427877456736225,1
15528,2011-09-10 12:50:00,United Kingdom,1,229.33,163,163,0.7427337489140949,1
13678,2011-09-10 12:50:00,United Kingdom,1,232.6,61,61,0.7419598112206138,1
14632,2011-09-10 12:50:00,United Kingdom,1,114.56,172,172,0.7418029817184333,1
17948,2011-09-10 12:50:00,United Kingdom,1,358.56000000000006,56,56,0.7416588878854194,1
13669,2011-09-10 12:50:00,United Kingdom,1,48.150000000000006,59,316,0.7409018261267902,1
17331,2011-09-10 12:50:00,United Kingdom,1,175.2,33,33,0.7408803834760073,1
14287,2011-09-10 12:50:00,United Kingdom,2,83.28,108,108,0.7401627458884699,1
13189,2011-09-10 12:50:00,United Kingdom,1,127.0,24,24,0.7397541152187446,1
12604,2011-09-10 12:50:00,France,1,178.5,171,171,0.7397096520727281,1
16319,2011-09-10 12:50:00,United Kingdom,1,404.40000000000003,127,127,0.7395688942736669,1
17660,2011-09-10 12:50:00,United Kingdom,1,178.75,50,646,0.7393071056359628,1
13716,2011-09-10 12:50:00,United Kingdom,1,138.28,178,178,0.7389055621053315,1
13379,2011-09-10 12:50:00,United Kingdom,1,136.29,46,46,0.7366959948209382,1
17733,2011-09-10 12:50:00,United Kingdom,1,216.95000000000002,171,171,0.7366478947445031,1
17263,2011-09-10 12:50:00,United Kingdom,1,63.440000000000005,117,117,0.7364860611411889,1
14840,2011-09-10 12:50:00,United Kingdom,1,62.85,177,448,0.7359163105209512,1
13132,2011-09-10 12:50:00,United Kingdom,1,77.3,171,171,0.7356308646493119,1
17250,2011-09-10 12:50:00,United Kingdom,1,162.65,170,170,0.7351104791757548,1
12902,2011-09-10 12:50:00,United Kingdom,1,138.68,174,174,0.734966633109322,1
15663,2011-09-10 12:50:00,United Kingdom,1,138.14,15,15,0.7346344649173097,1
14762,2011-09-10 12:50:00,United Kingdom,1,300.52,173,535,0.7344234472316695,1
12506,2011-09-10 12:50:00,France,1,73.5,142,142,0.7340830740259064,1
13950,2011-09-10 12:50:00,United Kingdom,1,179.30999999999997,156,156,0.7338192886604519,1
15517,2011-09-10 12:50:00,United Kingdom,1,267.03,142,142,0.7335845362842638,1
18010,2011-09-10 12:50:00,United Kingdom,1,174.8,166,166,0.7331232796316502,1
16804,2011-09-10 12:50:00,United Kingdom,1,118.05,179,179,0.7330049034523163,1
13072,2011-09-10 12:50:00,United Kingdom,1,177.15,176,176,0.7328799760045381,1
13229,2011-09-10 12:50:00,United Kingdom,1,160.95,135,135,0.7327148623501216,1
14340,2011-09-10 12:50:00,United Kingdom,1,134.7,128,128,0.7326679094399062,1
15801,2011-09-10 12:50:00,United Kingdom,1,137.22,19,19,0.7325239661664757,1
16739,2011-09-10 12:50:00,United Kingdom,1,323.0,86,446,0.7324872656841175,1
12548,2011-09-10 12:50:00,Spain,1,95.19999999999999,75,75,0.7324336420102506,1
14128,2011-09-10 12:50:00,United Kingdom,1,305.54,165,460,0.7320033308533265,1
14660,2011-09-10 12:50:00,United Kingdom,1,128.95,10,10,0.7317882268682102,1
14348,2011-09-10 12:50:00,United Kingdom,1,409.57,169,169,0.7317512187799374,1
16641,2011-09-10 12:50:00,United Kingdom,1,231.10000000000002,15,611,0.7316080450289746,1
15244,2011-09-10 12:50:00,United Kingdom,1,297.94,157,575,0.7315078935931201,1
14536,2011-09-10 12:50:00,United Kingdom,1,170.95,169,169,0.731002735116977,1
15256,2011-09-10 12:50:00,United Kingdom,1,98.45,58,471,0.7309281740246966,1
17906,2011-09-10 12:50:00,United Kingdom,1,72.9,156,156,0.7302192925339173,1
17266,2011-09-10 12:50:00,United Kingdom,1,113.06,57,550,0.729741896050579,1
13106,2011-09-10 12:50:00,United Kingdom,1,76.5,42,322,0.7293161629072951,1
16483,2011-09-10 12:50:00,United Kingdom,1,139.35,101,101,0.7290542913579452,1
15578,2011-09-10 12:50:00,United Kingdom,1,127.1,71,71,0.7289211497725862,1
13273,2011-09-10 12:50:00,United Kingdom,1,138.98,22,22,0.7288488131221588,1
14314,2011-09-10 12:50:00,United Kingdom,1,120.0,16,340,0.7287205344953556,1
14059,2011-09-10 12:50:00,United Kingdom,1,183.6,176,176,0.7275894985703544,1
16135,2011-09-10 12:50:00,United Kingdom,1,517.55,172,493,0.7270675674292425,1
12879,2011-09-10 12:50:00,United Kingdom,1,140.5,1,1,0.726579076609798,1
14772,2011-09-10 12:50:00,United Kingdom,1,139.26,21,21,0.7264338096885419,1
17788,2011-09-10 12:50:00,United Kingdom,1,16.7,39,39,0.726048023097106,1
18200,2011-09-10 12:50:00,United Kingdom,1,150.35,15,15,0.7259367221021443,1
18129,2011-09-10 12:50:00,United Kingdom,1,112.55000000000001,152,152,0.7257534888007862,1
14819,2011-09-10 12:50:00,United Kingdom,1,84.72,101,627,0.7256397655245291,1
13441,2011-09-10 12:50:00,United Kingdom,1,296.64,1,341,0.7247832680465167,1
13657,2011-09-10 12:50:00,United Kingdom,1,152.34,111,111,0.7233534129013975,1
18281,2011-09-10 12:50:00,United Kingdom,1,80.82,90,487,0.723301633040312,1
16963,2011-09-10 12:50:00,United Kingdom,1,110.55000000000001,96,96,0.7231374020088053,1
15014,2011-09-10 12:50:00,United Kingdom,1,117.72999999999999,85,85,0.7209983142831111,1
16587,2011-09-10 12:50:00,United Kingdom,1,225.15,141,141,0.7197560505181281,1
14418,2011-09-10 12:50:00,United Kingdom,1,150.44,17,17,0.719383050600249,1
17169,2011-09-10 12:50:00,United Kingdom,1,308.68,92,487,0.718307606195153,1
17678,2011-09-10 12:50:00,United Kingdom,1,298.11,173,512,0.7182879988872606,1
18122,2011-09-10 12:50:00,United Kingdom,1,119.19,60,60,0.7180227108823409,1
16697,2011-09-10 12:50:00,United Kingdom,1,112.75,150,150,0.7180073808438505,1
15438,2011-09-10 12:50:00,United Kingdom,1,156.57999999999998,40,40,0.7179687256025525,1
16201,2011-09-10 12:50:00,United Kingdom,1,303.8,19,325,0.7176795513810968,1
14972,2011-09-10 12:50:00,United Kingdom,1,114.77,37,290,0.7162992713619968,1
17928,2011-09-10 12:50:00,United Kingdom,1,78.25999999999999,155,480,0.7160446240073723,1
13745,2011-09-10 12:50:00,United Kingdom,1,300.04,71,455,0.7160133715337174,1
17960,2011-09-10 12:50:00,United Kingdom,1,73.78,80,551,0.7159256389196698,1
14280,2011-09-10 12:50:00,United Kingdom,1,134.04,106,106,0.7154696276536268,1
15396,2011-09-10 12:50:00,United Kingdom,1,288.18,22,493,0.7154393979170155,1
14859,2011-09-10 12:50:00,United Kingdom,1,296.86,113,464,0.714996735057917,1
15537,2011-09-10 12:50:00,United Kingdom,1,110.92,72,72,0.7149674803813373,1
14453,2011-09-10 12:50:00,United Kingdom,1,119.93,99,99,0.7145137288518126,1
14716,2011-09-10 12:50:00,United Kingdom,1,181.72,58,354,0.7143323617506564,1
17446,2011-09-10 12:50:00,United Kingdom,1,52.800000000000004,86,219,0.7142973261028872,1
12590,2011-09-10 12:50:00,Germany,2,9864.26,120,120,0.713893425972242,1
13972,2011-09-10 12:50:00,United Kingdom,1,145.9,111,111,0.7137796437109012,1
13529,2011-09-10 12:50:00,United Kingdom,1,181.1,114,114,0.7136326068818241,1
17394,2011-09-10 12:50:00,United Kingdom,1,203.86999999999998,128,128,0.7135076403902789,1
14143,2011-09-10 12:50:00,United Kingdom,1,115.8,43,43,0.7134091649570417,1
17489,2011-09-10 12:50:00,United Kingdom,1,208.56,122,122,0.7133713653143325,1
16113,2011-09-10 12:50:00,United Kingdom,1,161.38,92,92,0.7132321202353079,1
15442,2011-09-10 12:50:00,United Kingdom,1,594.0,158,158,0.7125686994957828,1
13244,2011-09-10 12:50:00,United Kingdom,1,121.74000000000001,2,2,0.7125628395418447,1
15118,2011-09-10 12:50:00,United Kingdom,1,244.8,43,43,0.7120640024599474,1
12818,2011-09-10 12:50:00,Austria,1,1542.08,171,171,0.7114369215733735,1
17536,2011-09-10 12:50:00,United Kingdom,1,76.5,86,592,0.7113314660558101,1
14311,2011-09-10 12:50:00,United Kingdom,1,310.26,152,477,0.7113186452086341,1
15388,2011-09-10 12:50:00,Canada,1,140.54,179,179,0.7112219917551186,1
15683,2011-09-10 12:50:00,United Kingdom,1,193.75,26,383,0.71112783607663,1
14705,2011-09-10 12:50:00,United Kingdom,1,179.0,108,108,0.7111100056594826,1
14076,2011-09-10 12:50:00,United Kingdom,1,118.67,38,38,0.7110582076622144,1
16624,2011-09-10 12:50:00,United Kingdom,1,426.43,106,106,0.710744473626044,1
15541,2011-09-10 12:50:00,United Kingdom,1,85.13000000000001,23,23,0.7102243043520832,1
17278,2011-09-10 12:50:00,United Kingdom,1,246.04,150,474,0.7099030290942311,1
15047,2011-09-10 12:50:00,United Kingdom,1,343.62,179,179,0.7086238115373219,1
16526,2011-09-10 12:50:00,United Kingdom,1,290.36,81,493,0.7079810237523257,1
16063,2011-09-10 12:50:00,United Kingdom,1,335.32,169,169,0.7079101069484449,1
17900,2011-09-10 12:50:00,United Kingdom,2,112.19999999999999,99,99,0.7078781307479703,1
16450,2011-09-10 12:50:00,United Kingdom,1,311.92,59,565,0.7075782227933881,1
17574,2011-09-10 12:50:00,United Kingdom,1,185.65,152,152,0.7073479769486098,1
12622,2011-09-10 12:50:00,Germany,1,180.1,141,141,0.7073170704310217,1
15292,2011-09-10 12:50:00,United Kingdom,1,178.39,110,110,0.7071755794280765,1
17234,2011-09-10 12:50:00,United Kingdom,1,149.89000000000001,92,92,0.7071017204475626,1
14476,2011-09-10 12:50:00,United Kingdom,1,193.0,166,166,0.7067522112950356,1
15333,2011-09-10 12:50:00,United Kingdom,1,1028.56,117,117,0.7062636204575866,1
17698,2011-09-10 12:50:00,United Kingdom,1,154.95,170,170,0.7062218388056621,1
15119,2011-09-10 12:50:00,United Kingdom,1,266.4,155,155,0.7057981382400345,1
15897,2011-09-10 12:50:00,United Kingdom,2,208.59,103,103,0.7057304278735314,1
14041,2011-09-10 12:50:00,United Kingdom,1,141.41,175,175,0.7055194041930337,1
14633,2011-09-10 12:50:00,United Kingdom,1,344.90000000000003,175,175,0.7049863866101023,1
16965,2011-09-10 12:50:00,United Kingdom,1,201.19,136,136,0.7048889379237676,1
14689,2011-09-10 12:50:00,United Kingdom,1,112.8,118,118,0.7036387386894396,1
16581,2011-09-10 12:50:00,United Kingdom,1,105.84,92,92,0.7036083344475667,1
18120,2011-09-10 12:50:00,United Kingdom,1,111.15,123,123,0.7034643029701552,1
14847,2011-09-10 12:50:00,United Kingdom,1,309.4,58,474,0.7034237525044822,1
14964,2011-09-10 12:50:00,United Kingdom,1,206.21,156,156,0.7030818713564149,1
13699,2011-09-10 12:50:00,United Kingdom,1,308.58000000000004,64,459,0.7030322040467402,1
15007,2011-09-10 12:50:00,United Kingdom,1,156.91,68,68,0.7025611861125869,1
13712,2011-09-10 12:50:00,United Kingdom,1,228.84,156,520,0.7021177652793896,1
16018,2011-09-10 12:50:00,United Kingdom,1,161.9,89,641,0.7020835506454879,1
14886,2011-09-10 12:50:00,United Kingdom,1,364.8,162,162,0.702079970233119,1
14241,2011-09-10 12:50:00,United Kingdom,1,213.70000000000002,93,605,0.7019701770214102,1
16097,2011-09-10 12:50:00,United Kingdom,1,185.04999999999998,149,149,0.7019048649956656,1
16902,2011-09-10 12:50:00,United Kingdom,1,1706.88,25,25,0.7014791514301109,1
12394,2011-09-10 12:50:00,Belgium,1,381.08,126,126,0.701291840566627,1
17701,2011-09-10 12:50:00,United Kingdom,1,417.95,162,162,0.7007291572711581,1
16674,2011-09-10 12:50:00,United Kingdom,1,115.1,7,7,0.700507434678318,1
14888,2011-09-10 12:50:00,United Kingdom,1,369.2,116,116,0.7002523673504677,1
14288,2011-09-10 12:50:00,United Kingdom,1,426.6,122,122,0.6998687396696143,1
14591,2011-09-10 12:50:00,United Kingdom,1,204.02,122,122,0.6997274786735659,1
14542,2011-09-10 12:50:00,United Kingdom,1,103.25,95,95,0.6997141911090835,1
14658,2011-09-10 12:50:00,United Kingdom,1,123.14,26,26,0.69923953719656,1
14173,2011-09-10 12:50:00,United Kingdom,1,114.04,128,640,0.6990248627602215,1
15703,2011-09-10 12:50:00,United Kingdom,1,211.5,174,174,0.6990238993586776,1
18146,2011-09-10 12:50:00,United Kingdom,2,160.35000000000002,50,129,0.6990050680025269,1
17893,2011-09-10 12:50:00,United Kingdom,1,107.21,134,134,0.6987065899754685,1
13500,2011-09-10 12:50:00,United Kingdom,1,326.4,32,310,0.6984751788617045,1
13525,2011-09-10 12:50:00,United Kingdom,1,282.88,157,157,0.6982088411635415,1
14731,2011-09-10 12:50:00,United Kingdom,2,251.01999999999998,115,121,0.6980378027396695,1
16022,2011-09-10 12:50:00,United Kingdom,1,602.63,169,169,0.6976106805525096,1
17887,2011-09-10 12:50:00,United Kingdom,1,111.35,38,38,0.6973656719699636,1
14645,2011-09-10 12:50:00,United Kingdom,1,356.99,66,544,0.6971513633617822,1
18027,2011-09-10 12:50:00,United Kingdom,1,115.31,8,8,0.6970596638072557,1
15705,2011-09-10 12:50:00,United Kingdom,1,143.1,110,110,0.6970352246103163,1
17486,2011-09-10 12:50:00,United Kingdom,1,396.87,170,170,0.6969559993166992,1
14997,2011-09-10 12:50:00,United Kingdom,1,155.28,87,565,0.6968839164790033,1
13887,2011-09-10 12:50:00,United Kingdom,1,349.55,113,113,0.6965388837442127,1
16178,2011-09-10 12:50:00,United Kingdom,1,197.9,47,310,0.6965360417076969,1
12821,2011-09-10 12:50:00,United Kingdom,1,92.72,123,520,0.6962610932091217,1
17898,2011-09-10 12:50:00,United Kingdom,1,99.84,116,476,0.6955885715237593,1
15935,2011-09-10 12:50:00,United Kingdom,2,416.86,148,151,0.6954592351258193,1
16852,2011-09-10 12:50:00,United Kingdom,1,113.06,85,85,0.6954399092348414,1
18227,2011-09-10 12:50:00,United Kingdom,1,93.75,127,393,0.6952603215426735,1
16185,2011-09-10 12:50:00,United Kingdom,1,335.0,142,474,0.6950448005772033,1
15135,2011-09-10 12:50:00,United Kingdom,1,139.05,148,465,0.6948913681246996,1
16297,2011-09-10 12:50:00,United Kingdom,1,301.9,178,178,0.6943863146751393,1
15749,2011-09-10 12:50:00,United Kingdom,1,21535.9,144,241,0.6940509069787059,1
16961,2011-09-10 12:50:00,United Kingdom,1,234.17,25,441,0.6940247965331828,1
13109,2011-09-10 12:50:00,United Kingdom,1,369.85,66,460,0.6937195285415555,1
13621,2011-09-10 12:50:00,United Kingdom,1,213.85,26,26,0.6936774174999121,1
13194,2011-09-10 12:50:00,United Kingdom,1,60.7,45,331,0.6934964129925906,1
14436,2011-09-10 12:50:00,United Kingdom,1,89.06,8,463,0.6928477096113714,1
17892,2011-09-10 12:50:00,United Kingdom,1,142.1,64,64,0.6923159552188973,1
16834,2011-09-10 12:50:00,United Kingdom,1,413.46,137,583,0.6918791185365794,1
17783,2011-09-10 12:50:00,United Kingdom,1,112.41,157,422,0.6917129098639401,1
18133,2011-09-10 12:50:00,United Kingdom,1,931.4999999999999,121,121,0.6916983414033494,1
17217,2011-09-10 12:50:00,United Kingdom,1,113.5,143,528,0.6916414243875613,1
16976,2011-09-10 12:50:00,United Kingdom,1,251.51999999999998,176,176,0.6915674660759641,1
16247,2011-09-10 12:50:00,United Kingdom,1,114.56,79,79,0.6913075765859701,1
14406,2011-09-10 12:50:00,United Kingdom,1,156.75,28,28,0.6909901355619709,1
14647,2011-09-10 12:50:00,United Kingdom,1,236.04000000000002,110,432,0.6909838113507158,1
17991,2011-09-10 12:50:00,United Kingdom,2,93.35000000000001,134,501,0.690775864447403,1
17367,2011-09-10 12:50:00,United Kingdom,1,167.55,147,147,0.6907707701047886,1
14957,2011-09-10 12:50:00,United Kingdom,1,58.49,162,554,0.6907390058708927,1
13918,2011-09-10 12:50:00,United Kingdom,1,198.2,162,162,0.6905566184920475,1
17248,2011-09-10 12:50:00,United Kingdom,1,318.65,29,391,0.6905176684531953,1
15063,2011-09-10 12:50:00,United Kingdom,1,370.79999999999995,122,122,0.6904082329133248,1
14636,2011-09-10 12:50:00,United Kingdom,1,300.19,178,178,0.6903709710038884,1
15552,2011-09-10 12:50:00,United Kingdom,1,90.12,126,532,0.6902790882767659,1
15163,2011-09-10 12:50:00,United Kingdom,1,155.0,101,101,0.6902483322722899,1
16457,2011-09-10 12:50:00,United Kingdom,1,208.36,127,127,0.6892542706032122,1
17187,2011-09-10 12:50:00,United Kingdom,1,203.95,136,435,0.6892537098701901,1
16810,2011-09-10 12:50:00,United Kingdom,1,309.54,101,329,0.6890504288836574,1
15840,2011-09-10 12:50:00,United Kingdom,1,241.74,82,82,0.6890459715907484,1
15130,2011-09-10 12:50:00,United Kingdom,1,330.11,79,79,0.6883897611660049,1
15630,2011-09-10 12:50:00,United Kingdom,1,396.86,114,553,0.6882080888307582,1
17697,2011-09-10 12:50:00,United Kingdom,1,338.95,145,145,0.6881940051185533,1
13389,2011-09-10 12:50:00,United Kingdom,1,257.89,142,142,0.6878673212035945,1
17531,2011-09-10 12:50:00,United Kingdom,1,296.7,99,527,0.687844854479523,1
12690,2011-09-10 12:50:00,France,1,389.01,115,115,0.6875464151462907,1
16671,2011-09-10 12:50:00,United Kingdom,1,1382.88,74,74,0.6875451835159742,1
17245,2011-09-10 12:50:00,United Kingdom,1,171.45,114,598,0.6874891250690783,1
18246,2011-09-10 12:50:00,United Kingdom,1,232.9,142,519,0.686375895547807,1
17763,2011-09-10 12:50:00,United Kingdom,1,15.0,172,568,0.6860462040330484,1
15608,2011-09-10 12:50:00,United Kingdom,1,285.68,30,325,0.6857200306609315,1
13618,2011-09-10 12:50:00,United Kingdom,1,177.34,83,83,0.6856841967188663,1
17309,2011-09-10 12:50:00,United Kingdom,1,82.75,4,582,0.6851925747967962,1
13300,2011-09-10 12:50:00,United Kingdom,1,371.89,78,483,0.6848851455121051,1
15690,2011-09-10 12:50:00,United Kingdom,1,111.0,10,10,0.6841269771213168,1
15042,2011-09-10 12:50:00,United Kingdom,1,135.93,108,504,0.6838451162688354,1
17958,2011-09-10 12:50:00,United Kingdom,1,508.4599999999999,26,637,0.6835722503014433,1
17514,2011-09-10 12:50:00,United Kingdom,1,208.65,37,578,0.6835533448179348,1
16721,2011-09-10 12:50:00,United Kingdom,1,292.47,171,171,0.6831908990829941,1
15405,2011-09-10 12:50:00,United Kingdom,1,349.1,98,485,0.6831531714547707,1
13216,2011-09-10 12:50:00,United Kingdom,1,333.74,177,177,0.6829016778421588,1
17866,2011-09-10 12:50:00,United Kingdom,1,329.65,52,634,0.6828778561109679,1
15105,2011-09-10 12:50:00,United Kingdom,1,532.98,44,536,0.6827599184090734,1
12639,2011-09-10 12:50:00,Sweden,1,486.1,148,537,0.682642530351639,1
14619,2011-09-10 12:50:00,United Kingdom,1,394.44,155,450,0.6825173961273511,1
16714,2011-09-10 12:50:00,United Kingdom,1,15.0,128,580,0.682509026827004,1
15639,2011-09-10 12:50:00,United Kingdom,1,425.32,43,514,0.6816988792423508,1
14873,2011-09-10 12:50:00,United Kingdom,1,519.68,119,543,0.681638528599631,1
13404,2011-09-10 12:50:00,United Kingdom,1,217.81,122,122,0.6810495098339366,1
15781,2011-09-10 12:50:00,United Kingdom,1,127.95000000000002,47,215,0.6804829481808928,1
15225,2011-09-10 12:50:00,United Kingdom,1,409.40000000000003,143,143,0.679789559903812,1
16142,2011-09-10 12:50:00,United Kingdom,1,535.34,159,159,0.6796843860367364,1
15186,2011-09-10 12:50:00,United Kingdom,1,229.26,77,606,0.6784100154408499,1
17120,2011-09-10 12:50:00,United Kingdom,1,307.46,142,142,0.6782338787958604,1
15729,2011-09-10 12:50:00,United Kingdom,1,85.0,122,312,0.6781047015230115,1
12648,2011-09-10 12:50:00,Germany,1,318.05,64,610,0.6780749233251622,1
14079,2011-09-10 12:50:00,United Kingdom,1,375.1,34,591,0.6777061699948196,1
14108,2011-09-10 12:50:00,United Kingdom,1,291.33,11,647,0.677551409303418,1
15655,2011-09-10 12:50:00,United Kingdom,1,560.67,152,152,0.6773761068671449,1
13482,2011-09-10 12:50:00,United Kingdom,1,184.64,141,537,0.676851382805969,1
17970,2011-09-10 12:50:00,United Kingdom,1,562.79,120,120,0.6768002675707779,1
16557,2011-09-10 12:50:00,United Kingdom,1,101.15,46,46,0.6763762115147892,1
15139,2011-09-10 12:50:00,United Kingdom,1,56.86,149,246,0.6762346332789246,1
12353,2011-09-10 12:50:00,Bahrain,1,89.0,113,318,0.6758894122936338,1
18127,2011-09-10 12:50:00,United Kingdom,1,139.6,43,312,0.6758734106457408,1
13121,2011-09-10 12:50:00,United Kingdom,1,283.73,178,178,0.6756921745343891,1
12580,2011-09-10 12:50:00,Germany,1,415.7,156,486,0.6756828320241385,1
14029,2011-09-10 12:50:00,United Kingdom,1,165.20000000000002,53,53,0.6755773133832789,1
17408,2011-09-10 12:50:00,United Kingdom,1,32.65,72,423,0.6755027076876757,1
14622,2011-09-10 12:50:00,United Kingdom,1,320.58000000000004,94,94,0.6754595347953258,1
16498,2011-09-10 12:50:00,United Kingdom,2,100.97,70,71,0.6752945307979552,1
15866,2011-09-10 12:50:00,United Kingdom,1,211.89,10,10,0.6748247624981883,1
17670,2011-09-10 12:50:00,United Kingdom,1,205.7,137,137,0.674690981896493,1
12620,2011-09-10 12:50:00,France,1,561.66,114,114,0.6742406666685841,1
17624,2011-09-10 12:50:00,United Kingdom,1,400.3,127,629,0.6741156211996393,1
16402,2011-09-10 12:50:00,United Kingdom,1,87.8,174,278,0.6739958455245744,1
13508,2011-09-10 12:50:00,United Kingdom,1,110.97,153,552,0.6735008038952615,1
15109,2011-09-10 12:50:00,United Kingdom,1,484.95,155,645,0.6729768628895773,1
13358,2011-09-10 12:50:00,United Kingdom,1,439.03,178,178,0.6729261105985995,1
15036,2011-09-10 12:50:00,United Kingdom,2,212.49,86,89,0.6725820644413896,1
13737,2011-09-10 12:50:00,United Kingdom,1,339.59999999999997,109,109,0.6725284872160925,1
16152,2011-09-10 12:50:00,United Kingdom,1,1829.04,178,178,0.6722875803552046,1
15969,2011-09-10 12:50:00,United Kingdom,1,308.7,95,431,0.6718999182775001,1
17176,2011-09-10 12:50:00,United Kingdom,1,306.13,111,586,0.6717902663792039,1
12974,2011-09-10 12:50:00,United Kingdom,1,144.8,107,475,0.6717520385010411,1
12413,2011-09-10 12:50:00,France,1,84.65,145,311,0.6712129554338778,1
12545,2011-09-10 12:50:00,Spain,1,628.15,169,169,0.6710110737634505,1
13930,2011-09-10 12:50:00,United Kingdom,1,210.0,46,46,0.6708655644707413,1
15440,2011-09-10 12:50:00,United Kingdom,2,237.66,45,118,0.6702278794801471,1
13343,2011-09-10 12:50:00,United Kingdom,1,353.43,87,87,0.669677087823049,1
13885,2011-09-10 12:50:00,United Kingdom,2,506.79999999999995,98,110,0.6689015304450929,1
13780,2011-09-10 12:50:00,United Kingdom,1,116.28000000000002,80,316,0.668666994985851,1
13307,2011-09-10 12:50:00,United Kingdom,1,15.0,29,501,0.6685824825083873,1
14383,2011-09-10 12:50:00,United Kingdom,1,242.09,73,73,0.6683580698672643,1
16634,2011-09-10 12:50:00,United Kingdom,1,53.1,132,597,0.6679609980990121,1
16690,2011-09-10 12:50:00,United Kingdom,1,86.5,111,360,0.6679329201815609,1
15210,2011-09-10 12:50:00,United Kingdom,1,331.18,134,484,0.6678912545114873,1
16323,2011-09-10 12:50:00,United Kingdom,1,207.50000000000003,105,487,0.667775203622354,1
15184,2011-09-10 12:50:00,United Kingdom,1,235.23000000000002,100,633,0.6669106882900787,1
14747,2011-09-10 12:50:00,United Kingdom,1,328.2,158,158,0.6665490653249098,1
17939,2011-09-10 12:50:00,United Kingdom,1,99.14,69,69,0.6665092427856206,1
16763,2011-09-10 12:50:00,United Kingdom,1,611.85,108,647,0.6663587674195748,1
15315,2011-09-10 12:50:00,United Kingdom,1,233.54,25,25,0.6660888508808239,1
13411,2011-09-10 12:50:00,United Kingdom,1,213.55,16,16,0.6660006468380828,1
15865,2011-09-10 12:50:00,United Kingdom,1,313.93,123,612,0.6658057675409443,1
15048,2011-09-10 12:50:00,United Kingdom,2,222.78000000000003,26,278,0.6657733427986584,1
13207,2011-09-10 12:50:00,United Kingdom,1,197.52000000000004,60,521,0.6657104207712378,1
15263,2011-09-10 12:50:00,United Kingdom,1,156.51,16,16,0.6653980424448322,1
16620,2011-09-10 12:50:00,United Kingdom,1,95.75999999999999,170,647,0.6651825316694011,1
15775,2011-09-10 12:50:00,United Kingdom,1,104.9,154,541,0.6650339689786772,1
15863,2011-09-10 12:50:00,United Kingdom,1,9.2,102,632,0.6648770048538982,1
15745,2011-09-10 12:50:00,United Kingdom,1,302.85,145,145,0.6647336482743018,1
16463,2011-09-10 12:50:00,United Kingdom,1,319.37,113,113,0.6647292387522059,1
18108,2011-09-10 12:50:00,United Kingdom,1,271.0,163,647,0.6641339245934561,1
16861,2011-09-10 12:50:00,United Kingdom,1,70.80000000000001,67,418,0.6637890355256747,1
17724,2011-09-10 12:50:00,United Kingdom,1,373.1,47,47,0.6636942238486897,1
16036,2011-09-10 12:50:00,United Kingdom,1,188.73,172,529,0.6631599999678884,1
14023,2011-09-10 12:50:00,United Kingdom,1,273.14,159,159,0.6629871623282461,1
13990,2011-09-10 12:50:00,United Kingdom,1,311.3,122,122,0.662834364400029,1
17573,2011-09-10 12:50:00,United Kingdom,1,174.71,3,3,0.6627633026887277,1
12654,2011-09-10 12:50:00,Germany,2,171.14999999999998,107,204,0.6626403337691327,1
14304,2011-09-10 12:50:00,United Kingdom,1,383.45,132,480,0.6624767328641044,1
13513,2011-09-10 12:50:00,United Kingdom,1,205.1,36,564,0.6619239666561452,1
15254,2011-09-10 12:50:00,United Kingdom,1,300.36,36,470,0.6618163099846704,1
12792,2011-09-10 12:50:00,Portugal,1,400.53999999999996,166,444,0.6617177804884491,1
15852,2011-09-10 12:50:00,United Kingdom,2,160.71,96,436,0.6614926866800594,1
16386,2011-09-10 12:50:00,United Kingdom,1,61.10000000000001,163,297,0.6614134900372692,1
13059,2011-09-10 12:50:00,United Kingdom,1,183.4,159,528,0.6610245825681053,1
14538,2011-09-10 12:50:00,United Kingdom,1,106.5,165,592,0.660972600598798,1
16586,2011-09-10 12:50:00,United Kingdom,1,463.95,158,545,0.6607012377606707,1
16427,2011-09-10 12:50:00,United Kingdom,1,131.26,172,193,0.6605325100915663,1
15219,2011-09-10 12:50:00,United Kingdom,1,305.75,85,558,0.6604518077202957,1
13080,2011-09-10 12:50:00,United Kingdom,1,58.08,88,518,0.660255669549583,1
15280,2011-09-10 12:50:00,United Kingdom,1,113.12,81,480,0.6599660206440049,1
15925,2011-09-10 12:50:00,United Kingdom,1,207.15,103,103,0.6598454579009952,1
17658,2011-09-10 12:50:00,United Kingdom,1,317.59999999999997,120,120,0.6596422922799267,1
17159,2011-09-10 12:50:00,United Kingdom,1,528.45,81,554,0.6587146128630198,1
16824,2011-09-10 12:50:00,United Kingdom,1,222.9,73,303,0.6586262342769652,1
15445,2011-09-10 12:50:00,United Kingdom,1,113.5,173,499,0.6585635648741615,1
13169,2011-09-10 12:50:00,United Kingdom,1,505.2,161,471,0.6574207964487838,1
15124,2011-09-10 12:50:00,United Kingdom,1,90.75,101,561,0.6573602466306404,1
18211,2011-09-10 12:50:00,United Kingdom,1,130.79999999999998,46,188,0.6571864013649572,1
15436,2011-09-10 12:50:00,United Kingdom,1,484.1,143,143,0.6571356866831174,1
14423,2011-09-10 12:50:00,United Kingdom,1,265.2,127,604,0.6570395407974311,1
16882,2011-09-10 12:50:00,United Kingdom,1,205.8,148,226,0.6568503854985736,1
17040,2011-09-10 12:50:00,United Kingdom,1,449.73,47,459,0.6568317880555667,1
17110,2011-09-10 12:50:00,United Kingdom,1,163.29999999999998,74,519,0.656790671382834,1
16116,2011-09-10 12:50:00,United Kingdom,1,612.78,121,121,0.6566161911637237,1
14162,2011-09-10 12:50:00,United Kingdom,1,111.68,83,202,0.6565612437102656,1
17501,2011-09-10 12:50:00,United Kingdom,2,288.6,130,130,0.656317647170432,1
15246,2011-09-10 12:50:00,United Kingdom,1,328.15000000000003,147,465,0.6562203093501751,1
12837,2011-09-10 12:50:00,United Kingdom,1,134.1,82,478,0.6561005376561617,1
16552,2011-09-10 12:50:00,United Kingdom,1,284.44000000000005,152,283,0.6558333598624211,1
13045,2011-09-10 12:50:00,United Kingdom,1,305.28000000000003,8,395,0.6555215638462897,1
13452,2011-09-10 12:50:00,United Kingdom,1,295.0,168,382,0.65540703712325,1
18099,2011-09-10 12:50:00,United Kingdom,1,168.31,36,36,0.6554024034382233,1
13276,2011-09-10 12:50:00,United Kingdom,1,137.38,9,551,0.6553983272005887,1
14199,2011-09-10 12:50:00,United Kingdom,1,185.39999999999998,127,440,0.6552280297380673,1
16616,2011-09-10 12:50:00,United Kingdom,1,210.10000000000002,66,66,0.6551015219716209,1
14851,2011-09-10 12:50:00,United Kingdom,1,206.13,165,540,0.6549669659317066,1
17384,2011-09-10 12:50:00,United Kingdom,1,227.65,128,376,0.6549331480447357,1
15507,2011-09-10 12:50:00,United Kingdom,1,475.86,81,81,0.6547508545991035,1
12981,2011-09-10 12:50:00,United Kingdom,1,187.18,42,42,0.6546263620978379,1
17464,2011-09-10 12:50:00,United Kingdom,1,289.96000000000004,67,528,0.6541307935810143,1
13803,2011-09-10 12:50:00,United Kingdom,1,277.07,164,528,0.6541180583189873,1
13563,2011-09-10 12:50:00,United Kingdom,1,310.88,49,49,0.6539831124504113,1
16892,2011-09-10 12:50:00,United Kingdom,1,102.97999999999999,93,640,0.6531392449605293,1
18273,2011-09-10 12:50:00,United Kingdom,2,153.0,5,500,0.6528720579960343,1
17718,2011-09-10 12:50:00,United Kingdom,1,139.35,141,554,0.6527547198929352,1
14816,2011-09-10 12:50:00,United Kingdom,1,271.85,106,106,0.652644548286407,1
13060,2011-09-10 12:50:00,United Kingdom,1,307.53,163,163,0.652454937773395,1
13227,2011-09-10 12:50:00,United Kingdom,1,257.7,111,111,0.652442880196195,1
16808,2011-09-10 12:50:00,United Kingdom,1,121.92,8,183,0.6519626946746074,1
16448,2011-09-10 12:50:00,United Kingdom,1,182.99,107,380,0.6516100264257172,1
12833,2011-09-10 12:50:00,United Kingdom,1,417.38,54,54,0.6512249968972699,1
17879,2011-09-10 12:50:00,United Kingdom,1,178.51999999999998,83,83,0.6509180983326165,1
17490,2011-09-10 12:50:00,United Kingdom,1,305.2,86,479,0.6508875245206436,1
18203,2011-09-10 12:50:00,United Kingdom,1,160.42000000000002,66,640,0.6508809663226391,1
15895,2011-09-10 12:50:00,United Kingdom,1,179.17,59,59,0.6508208089688048,1
15386,2011-09-10 12:50:00,United Kingdom,1,394.14,95,95,0.6507806922238222,1
16829,2011-09-10 12:50:00,United Kingdom,1,197.22,66,297,0.6506143394953716,1
14523,2011-09-10 12:50:00,United Kingdom,1,241.09,17,17,0.6504809045584629,1
17664,2011-09-10 12:50:00,United Kingdom,1,326.19,121,529,0.650088181514577,1
14681,2011-09-10 12:50:00,United Kingdom,1,393.95,121,563,0.6499517579468174,1
12930,2011-09-10 12:50:00,United Kingdom,1,221.56,80,80,0.6499289338673961,1
17339,2011-09-10 12:50:00,United Kingdom,1,183.36,3,418,0.6494491969405913,1
15891,2011-09-10 12:50:00,United Kingdom,1,511.68,136,136,0.6491328825769016,1
15230,2011-09-10 12:50:00,United Kingdom,2,429.6,148,150,0.6490100060935006,1
12991,2011-09-10 12:50:00,United Kingdom,1,303.56,21,298,0.6488819901063857,1
13606,2011-09-10 12:50:00,United Kingdom,1,176.60999999999999,152,221,0.6488657087294776,1
13919,2011-09-10 12:50:00,Denmark,1,213.15,31,450,0.6488551770140629,1
12492,2011-09-10 12:50:00,Germany,1,126.39000000000001,14,312,0.6483967260185913,1
12426,2011-09-10 12:50:00,Germany,1,582.73,104,572,0.6482519092671354,1
16614,2011-09-10 12:50:00,United Kingdom,1,506.19,92,487,0.6479420980387403,1
13283,2011-09-10 12:50:00,United Kingdom,1,25.5,95,549,0.6478850726912381,1
17361,2011-09-10 12:50:00,United Kingdom,1,218.92,95,585,0.6477668734609994,1
13568,2011-09-10 12:50:00,United Kingdom,1,187.05,82,82,0.6474804153191044,1
17816,2011-09-10 12:50:00,United Kingdom,1,5.1,178,633,0.6471807749840076,1
17142,2011-09-10 12:50:00,United Kingdom,1,579.0,148,593,0.6469048276432401,1
14720,2011-09-10 12:50:00,United Kingdom,1,155.8,36,36,0.646682119418086,1
17411,2011-09-10 12:50:00,United Kingdom,1,285.58,170,646,0.6465452774047269,1
15143,2011-09-10 12:50:00,United Kingdom,1,259.45,135,341,0.6463346746101248,1
15643,2011-09-10 12:50:00,United Kingdom,2,326.9,101,191,0.6457894058671775,1
17891,2011-09-10 12:50:00,United Kingdom,1,203.85999999999999,71,71,0.6456345024026476,1
14687,2011-09-10 12:50:00,United Kingdom,1,628.38,16,461,0.6456194838444411,1
12763,2011-09-10 12:50:00,Japan,1,174.0,47,278,0.6456167340054134,1
15909,2011-09-10 12:50:00,United Kingdom,1,191.94,83,83,0.6454956538405706,1
17015,2011-09-10 12:50:00,United Kingdom,1,520.55,94,94,0.6449462826278157,1
13398,2011-09-10 12:50:00,United Kingdom,1,457.34,101,358,0.6448377382371265,1
12379,2011-09-10 12:50:00,Belgium,1,459.84,79,444,0.6445374353789752,1
13434,2011-09-10 12:50:00,United Kingdom,1,72.84,6,565,0.6444679078033924,1
16041,2011-09-10 12:50:00,United Kingdom,2,2739.8,50,50,0.6444394772914491,1
12845,2011-09-10 12:50:00,United Kingdom,2,80.2,176,199,0.6443031302650757,1
14332,2011-09-10 12:50:00,United Kingdom,1,119.04,57,325,0.6441933981285565,1
12732,2011-09-10 12:50:00,France,1,236.26000000000002,89,89,0.6439610119541945,1
12547,2011-09-10 12:50:00,Spain,1,48.4,107,409,0.643649266297268,1
17391,2011-09-10 12:50:00,United Kingdom,2,508.8,73,74,0.6431859667054902,1
13365,2011-09-10 12:50:00,United Kingdom,1,700.6,127,127,0.6427404315618291,1
15651,2011-09-10 12:50:00,United Kingdom,1,227.32,170,505,0.642635926281261,1
17899,2011-09-10 12:50:00,United Kingdom,1,154.55,68,68,0.6425749736716784,1
15577,2011-09-10 12:50:00,United Kingdom,2,229.23,60,635,0.641883309084594,1
18262,2011-09-10 12:50:00,United Kingdom,1,149.48,49,512,0.6418122287783461,1
14529,2011-09-10 12:50:00,United Kingdom,1,135.24,19,19,0.6417762930225832,1
15754,2011-09-10 12:50:00,United Kingdom,1,91.8,156,564,0.6413178312293031,1
13000,2011-09-10 12:50:00,United Kingdom,2,333.09999999999997,16,634,0.6412786722492722,1
12831,2011-09-10 12:50:00,United Kingdom,1,215.05,171,372,0.6404805654303716,1
16836,2011-09-10 12:50:00,United Kingdom,1,91.32000000000001,26,483,0.6403109067628889,1
16216,2011-09-10 12:50:00,United Kingdom,1,914.9300000000001,176,176,0.6402735619276474,1
17026,2011-09-10 12:50:00,United Kingdom,1,121.67999999999999,94,326,0.6400939021100677,1
15746,2011-09-10 12:50:00,United Kingdom,1,196.88,43,43,0.6400566613656238,1
14208,2011-09-10 12:50:00,United Kingdom,1,151.74,4,460,0.6396632821351871,1
17693,2011-09-10 12:50:00,United Kingdom,1,200.47,46,46,0.6395907524487086,1
16227,2011-09-10 12:50:00,United Kingdom,1,314.22,134,444,0.6393688611224759,1
13070,2011-09-10 12:50:00,United Kingdom,1,228.8,101,641,0.6388734588816353,1
14853,2011-09-10 12:50:00,United Kingdom,1,214.5,120,515,0.6387497628396311,1
18185,2011-09-10 12:50:00,United Kingdom,1,304.25,158,158,0.6386296946961615,1
14428,2011-09-10 12:50:00,United Kingdom,1,127.07000000000001,149,234,0.638612231891213,1
13484,2011-09-10 12:50:00,United Kingdom,1,313.8,150,549,0.6383202284403408,1
14924,2011-09-10 12:50:00,United Kingdom,1,310.05,155,548,0.6381536359638872,1
15041,2011-09-10 12:50:00,United Kingdom,1,179.93,79,353,0.6381006123187802,1
16716,2011-09-10 12:50:00,United Kingdom,1,166.8,176,540,0.6380370520726495,1
17883,2011-09-10 12:50:00,United Kingdom,1,119.35,155,561,0.637760238364224,1
15776,2011-09-10 12:50:00,United Kingdom,1,241.62,42,42,0.6377339193872672,1
17064,2011-09-10 12:50:00,United Kingdom,1,313.45000000000005,92,236,0.6375914294334376,1
18282,2011-09-10 12:50:00,United Kingdom,1,100.21000000000001,35,35,0.6370037837598292,1
14712,2011-09-10 12:50:00,United Kingdom,1,115.72,21,327,0.636702339611496,1
13238,2011-09-10 12:50:00,United Kingdom,1,227.70000000000002,73,499,0.6366277671547219,1
14400,2011-09-10 12:50:00,United Kingdom,1,574.7,58,541,0.636605489181976,1
12596,2011-09-10 12:50:00,Spain,1,269.95,151,151,0.6365852574075498,1
13937,2011-09-10 12:50:00,United Kingdom,1,158.85,78,312,0.6365333403604291,1
16833,2011-09-10 12:50:00,United Kingdom,2,361.81,169,532,0.6364377466724062,1
13778,2011-09-10 12:50:00,United Kingdom,1,178.7,12,474,0.6359985241272962,1
12888,2011-09-10 12:50:00,United Kingdom,2,354.12,123,164,0.6351779635357159,1
14491,2011-09-10 12:50:00,United Kingdom,1,213.73,84,282,0.6350488263841554,1
16957,2011-09-10 12:50:00,United Kingdom,1,301.8,148,191,0.6349402409985853,1
15921,2011-09-10 12:50:00,United Kingdom,1,323.03000000000003,82,550,0.6348890398283651,1
14171,2011-09-10 12:50:00,United Kingdom,1,363.79,7,639,0.6347914804697535,1
12790,2011-09-10 12:50:00,Netherlands,1,324.92,101,319,0.6346650879848568,1
14022,2011-09-10 12:50:00,United Kingdom,1,440.0,134,396,0.6345918562580312,1
15110,2011-09-10 12:50:00,United Kingdom,1,206.9,36,394,0.6341317890851782,1
16447,2011-09-10 12:50:00,United Kingdom,1,255.91,45,569,0.6340894570529032,1
14339,2011-09-10 12:50:00,United Kingdom,1,309.52,152,338,0.6334519921022742,1
16642,2011-09-10 12:50:00,United Kingdom,1,307.73,117,324,0.6334275615162068,1
13487,2011-09-10 12:50:00,United Kingdom,1,215.65,122,644,0.6331386012372091,1
12832,2011-09-10 12:50:00,United Kingdom,1,267.8,7,7,0.6330237175483518,1
16769,2011-09-10 12:50:00,United Kingdom,1,361.54,169,635,0.6326742900288557,1
14196,2011-09-10 12:50:00,United Kingdom,1,335.52,16,16,0.6326538391321092,1
12962,2011-09-10 12:50:00,United Kingdom,1,170.54000000000002,22,22,0.6326187151055251,1
14271,2011-09-10 12:50:00,United Kingdom,1,112.32,135,318,0.6325442606547204,1
17123,2011-09-10 12:50:00,United Kingdom,1,345.29999999999995,71,482,0.6322531275347093,1
16461,2011-09-10 12:50:00,United Kingdom,1,142.92,87,555,0.6321890869757115,1
12564,2011-09-10 12:50:00,France,1,456.9,170,170,0.6318350140722684,1
17124,2011-09-10 12:50:00,United Kingdom,1,294.24,94,94,0.6314576817303494,1
14326,2011-09-10 12:50:00,United Kingdom,1,183.85,151,442,0.6312382027478148,1
13976,2011-09-10 12:50:00,United Kingdom,1,357.98,116,577,0.6311859174940615,1
16338,2011-09-10 12:50:00,United Kingdom,1,214.79999999999998,66,66,0.630635366697893,1
18191,2011-09-10 12:50:00,United Kingdom,1,207.79999999999998,171,386,0.6305653999277535,1
12750,2011-09-10 12:50:00,Poland,1,275.88,38,38,0.6304439061511954,1
13453,2011-09-10 12:50:00,United Kingdom,1,171.98,75,311,0.6293714484456256,1
15825,2011-09-10 12:50:00,United Kingdom,1,532.94,81,81,0.628919219972166,1
17140,2011-09-10 12:50:00,United Kingdom,1,454.12,156,156,0.6287308232501837,1
18112,2011-09-10 12:50:00,United Kingdom,1,196.64,75,461,0.6287224375415575,1
13062,2011-09-10 12:50:00,United Kingdom,1,346.98,100,100,0.628680601790638,1
13035,2011-09-10 12:50:00,United Kingdom,1,333.0,170,340,0.6286015135774731,1
16096,2011-09-10 12:50:00,United Kingdom,1,320.62,173,554,0.6284229339069995,1
17715,2011-09-10 12:50:00,United Kingdom,1,326.4,110,502,0.6280659371128194,1
15147,2011-09-10 12:50:00,United Kingdom,1,623.5,149,149,0.6276793918061098,1
18048,2011-09-10 12:50:00,United Kingdom,2,172.29000000000002,112,402,0.6274786165373348,1
14890,2011-09-10 12:50:00,United Kingdom,1,125.65,163,569,0.6274701819785246,1
14242,2011-09-10 12:50:00,United Kingdom,1,142.2,144,235,0.6273493266490405,1
13299,2011-09-10 12:50:00,United Kingdom,1,142.5,177,438,0.6272266245276596,1
14100,2011-09-10 12:50:00,United Kingdom,1,191.95000000000002,47,47,0.6270944601756567,1
16364,2011-09-10 12:50:00,United Kingdom,1,346.3,46,46,0.6268055197422996,1
15197,2011-09-10 12:50:00,United Kingdom,1,216.75,162,637,0.6264567831696007,1
14775,2011-09-10 12:50:00,United Kingdom,1,294.9,47,281,0.6263528992203997,1
16384,2011-09-10 12:50:00,United Kingdom,1,409.1,173,499,0.625978146155413,1
17080,2011-09-10 12:50:00,United Kingdom,1,76.32000000000001,179,435,0.6258073392030099,1
15223,2011-09-10 12:50:00,United Kingdom,2,755.75,135,644,0.6258023750782807,1
17053,2011-09-10 12:50:00,United Kingdom,1,498.48,40,40,0.6252833797400411,1
16217,2011-09-10 12:50:00,United Kingdom,1,121.25000000000001,144,191,0.6252639968789246,1
16429,2011-09-10 12:50:00,United Kingdom,1,284.55,15,15,0.6250979432511823,1
16306,2011-09-10 12:50:00,United Kingdom,1,37.8,123,344,0.6250206165113338,1
18189,2011-09-10 12:50:00,United Kingdom,1,633.1,177,535,0.6249050255458206,1
18210,2011-09-10 12:50:00,United Kingdom,1,142.4,176,292,0.6247103351311575,1
13892,2011-09-10 12:50:00,United Kingdom,1,54.519999999999996,156,485,0.6246146751196647,1
13681,2011-09-10 12:50:00,United Kingdom,1,203.46,64,64,0.6244054732152144,1
14503,2011-09-10 12:50:00,United Kingdom,1,597.07,88,88,0.6242248061271082,1
12694,2011-09-10 12:50:00,France,1,439.5,92,330,0.6241769888596312,1
17134,2011-09-10 12:50:00,United Kingdom,2,413.2,16,351,0.6241470374633828,1
13308,2011-09-10 12:50:00,United Kingdom,1,814.95,112,506,0.6235843178733926,1
15589,2011-09-10 12:50:00,United Kingdom,2,293.58,165,220,0.623403282164029,1
17877,2011-09-10 12:50:00,United Kingdom,1,237.61,79,79,0.6233476859764485,1
16050,2011-09-10 12:50:00,United Kingdom,1,137.9,83,310,0.623115374863688,1
12432,2011-09-10 12:50:00,Norway,3,4016.66,79,81,0.6229848630286164,1
16990,2011-09-10 12:50:00,United Kingdom,1,179.0,128,332,0.6226702907016841,1
12354,2011-09-10 12:50:00,Spain,1,1079.4,141,141,0.6225075356336358,1
15609,2011-09-10 12:50:00,United Kingdom,1,298.48,93,93,0.622474556914809,1
13101,2011-09-10 12:50:00,United Kingdom,1,101.19,143,590,0.6223277189797162,1
17542,2011-09-10 12:50:00,United Kingdom,1,170.75,179,551,0.6220025553762455,1
16446,2011-09-10 12:50:00,United Kingdom,1,2.9,115,115,0.6218632030163924,1
17580,2011-09-10 12:50:00,United Kingdom,1,47.7,162,331,0.6216946074191542,1
15208,2011-09-10 12:50:00,United Kingdom,1,258.12,72,333,0.6214121085498997,1
13236,2011-09-10 12:50:00,United Kingdom,1,439.23,16,16,0.6212616517993506,1
18017,2011-09-10 12:50:00,United Kingdom,1,179.0,78,340,0.620984549070266,1
18101,2011-09-10 12:50:00,United Kingdom,1,110.23,52,583,0.620764850746965,1
17183,2011-09-10 12:50:00,United Kingdom,1,329.67,14,14,0.6205091713162149,1
12904,2011-09-10 12:50:00,United Kingdom,1,244.69,81,81,0.6201267764495805,1
12844,2011-09-10 12:50:00,United Kingdom,1,174.88,39,503,0.6199902074429099,1
14285,2011-09-10 12:50:00,United Kingdom,1,5.9,86,640,0.6199175261641756,1
13781,2011-09-10 12:50:00,United Kingdom,1,127.84,160,630,0.6197610666283402,1
13512,2011-09-10 12:50:00,United Kingdom,1,251.21,170,492,0.619747731414153,1
15942,2011-09-10 12:50:00,United Kingdom,1,337.44,43,43,0.6195334217288543,1
16344,2011-09-10 12:50:00,United Kingdom,1,101.10000000000001,67,578,0.6192034298063814,1
12355,2011-09-10 12:50:00,Bahrain,1,459.4,123,477,0.6186197336991542,1
12769,2011-09-10 12:50:00,Brazil,1,1143.6,148,148,0.6185985923049954,1
15512,2011-09-10 12:50:00,United Kingdom,1,19.799999999999997,65,585,0.6185914590174817,1
16302,2011-09-10 12:50:00,United Kingdom,1,233.22,36,36,0.6185758425380733,1
13675,2011-09-10 12:50:00,United Kingdom,1,178.38000000000002,60,194,0.6184187879531619,1
16109,2011-09-10 12:50:00,United Kingdom,1,296.88,128,608,0.6183695494868647,1
17436,2011-09-10 12:50:00,United Kingdom,1,122.39999999999999,136,642,0.6183622457873926,1
17770,2011-09-10 12:50:00,United Kingdom,3,278.5,108,191,0.6181402590965783,1
18167,2011-09-10 12:50:00,United Kingdom,1,498.48,15,15,0.6181297266724303,1
16762,2011-09-10 12:50:00,United Kingdom,1,314.15000000000003,53,53,0.618027726708496,1
17594,2011-09-10 12:50:00,United Kingdom,1,315.0,164,514,0.6178431620164087,1
16226,2011-09-10 12:50:00,United Kingdom,3,255.12,112,323,0.6176151203904724,1
14517,2011-09-10 12:50:00,United Kingdom,1,252.45,51,51,0.6172168927165853,1
17374,2011-09-10 12:50:00,United Kingdom,1,303.82,128,304,0.6168117221853002,1
14880,2011-09-10 12:50:00,United Kingdom,1,218.47,94,198,0.616298543585415,1
15412,2011-09-10 12:50:00,United Kingdom,1,190.53,80,80,0.6162196543205767,1
16358,2011-09-10 12:50:00,United Kingdom,1,462.15000000000003,93,304,0.616079821855328,1
17212,2011-09-10 12:50:00,United Kingdom,1,226.85,162,396,0.6159406865059632,1
15437,2011-09-10 12:50:00,United Kingdom,1,200.16,171,550,0.615933109673054,1
14240,2011-09-10 12:50:00,United Kingdom,1,226.85,135,333,0.6150105944433114,1
16009,2011-09-10 12:50:00,United Kingdom,1,441.59000000000003,69,69,0.614964644608185,1
15706,2011-09-10 12:50:00,United Kingdom,1,450.05,25,25,0.614727761614331,1
15092,2011-09-10 12:50:00,United Kingdom,1,134.65,124,372,0.614401741542501,1
14981,2011-09-10 12:50:00,United Kingdom,1,102.12,155,333,0.6143324485270854,1
13311,2011-09-10 12:50:00,United Kingdom,1,490.11,59,59,0.614205306498635,1
14984,2011-09-10 12:50:00,United Kingdom,1,102.23,90,606,0.6137597383782145,1
13417,2011-09-10 12:50:00,United Kingdom,1,236.0,114,579,0.6136053516082798,1
16278,2011-09-10 12:50:00,United Kingdom,1,566.38,9,408,0.613544903699637,1
13718,2011-09-10 12:50:00,United Kingdom,1,192.5,155,205,0.6134785854568472,1
17556,2011-09-10 12:50:00,United Kingdom,1,157.9,115,288,0.6134238034166115,1
15205,2011-09-10 12:50:00,United Kingdom,1,476.29999999999995,36,36,0.6133867906651719,1
13262,2011-09-10 12:50:00,United Kingdom,1,200.29,172,510,0.6132895988202766,1
16780,2011-09-10 12:50:00,United Kingdom,2,422.24,9,316,0.612943651468168,1
12987,2011-09-10 12:50:00,United Kingdom,1,304.3,107,598,0.6129055823159516,1
13261,2011-09-10 12:50:00,United Kingdom,1,99.0,178,195,0.6127766866700239,1
17035,2011-09-10 12:50:00,United Kingdom,1,174.02,155,646,0.6126222267647977,1
13934,2011-09-10 12:50:00,United Kingdom,1,922.1,173,173,0.6124925898475291,1
17101,2011-09-10 12:50:00,United Kingdom,1,230.57999999999998,87,459,0.6122906690100773,1
14420,2011-09-10 12:50:00,United Kingdom,1,387.52,8,601,0.6122348388648353,1
13754,2011-09-10 12:50:00,United Kingdom,1,126.6,61,346,0.6122243977146964,1
12447,2011-09-10 12:50:00,Belgium,1,476.49,152,152,0.6120987592839726,1
14272,2011-09-10 12:50:00,United Kingdom,1,132.09,163,491,0.6112911710678895,1
16066,2011-09-10 12:50:00,United Kingdom,1,316.38,33,33,0.6110632887160213,1
13196,2011-09-10 12:50:00,United Kingdom,1,512.13,171,526,0.6109609988173413,1
15695,2011-09-10 12:50:00,United Kingdom,2,409.98,176,591,0.6107316943573617,1
13723,2011-09-10 12:50:00,United Kingdom,1,199.85000000000002,126,520,0.6105095498558265,1
13744,2011-09-10 12:50:00,United Kingdom,1,263.2,4,201,0.6103726379805707,1
14501,2011-09-10 12:50:00,United Kingdom,1,184.28,93,229,0.6101013347186542,1
14722,2011-09-10 12:50:00,United Kingdom,1,180.42000000000002,56,395,0.6100715469962241,1
13826,2011-09-10 12:50:00,United Kingdom,1,189.5,85,85,0.6099035279865097,1
16378,2011-09-10 12:50:00,United Kingdom,1,75.9,156,220,0.6098998610860223,1
14067,2011-09-10 12:50:00,United Kingdom,1,224.67,6,6,0.6097182461245536,1
12886,2011-09-10 12:50:00,United Kingdom,1,775.0,129,129,0.6093668936600313,1
13462,2011-09-10 12:50:00,United Kingdom,1,151.5,162,635,0.6089065767079199,1
12435,2011-09-10 12:50:00,Denmark,1,3978.9900000000002,177,646,0.6087577257326312,1
12871,2011-09-10 12:50:00,United Kingdom,1,132.0,116,349,0.6086331670561833,1
15289,2011-09-10 12:50:00,United Kingdom,2,697.98,47,531,0.6085527669901959,1
17779,2011-09-10 12:50:00,United Kingdom,1,323.09,53,53,0.6083904730572314,1
16838,2011-09-10 12:50:00,United Kingdom,1,196.73000000000002,106,572,0.6082836270529783,1
18155,2011-09-10 12:50:00,United Kingdom,1,152.63,80,201,0.6079236949284114,1
15253,2011-09-10 12:50:00,United Kingdom,1,173.85,79,496,0.6078822015045611,1
13962,2011-09-10 12:50:00,United Kingdom,1,117.6,155,345,0.6078689687783755,1
12977,2011-09-10 12:50:00,United Kingdom,1,39.239999999999995,65,420,0.606886955946499,1
16545,2011-09-10 12:50:00,United Kingdom,1,339.3,74,285,0.6068392312952428,1
13645,2011-09-10 12:50:00,United Kingdom,1,252.1,29,29,0.6064005770722422,1
12436,2011-09-10 12:50:00,Norway,1,509.01,9,9,0.606278483736543,1
14141,2011-09-10 12:50:00,United Kingdom,1,285.16,14,14,0.606258349160583,1
17781,2011-09-10 12:50:00,United Kingdom,2,188.01999999999998,68,162,0.6061379080643422,1
15689,2011-09-10 12:50:00,United Kingdom,1,150.6,29,527,0.6059354869041113,1
16968,2011-09-10 12:50:00,United Kingdom,1,253.31,17,17,0.6056524154930824,1
12378,2011-09-10 12:50:00,Switzerland,1,4008.62,39,471,0.6052361545376037,1
16536,2011-09-10 12:50:00,United Kingdom,1,548.12,19,19,0.6050103413075513,1
13592,2011-09-10 12:50:00,United Kingdom,3,205.51,115,173,0.6043210235702774,1
15018,2011-09-10 12:50:00,United Kingdom,1,180.09,162,277,0.604263543125938,1
16832,2011-09-10 12:50:00,United Kingdom,3,199.15,93,368,0.6041577835775204,1
15247,2011-09-10 12:50:00,United Kingdom,1,356.0,31,446,0.6037749362642066,1
18265,2011-09-10 12:50:00,United Kingdom,1,488.55,67,67,0.6036206904761848,1
13573,2011-09-10 12:50:00,United Kingdom,1,31.770000000000003,162,546,0.6033965677176011,1
14682,2011-09-10 12:50:00,United Kingdom,2,52.0,97,581,0.602931781210809,1
13341,2011-09-10 12:50:00,United Kingdom,1,775.85,170,170,0.6028940117727314,1
18270,2011-09-10 12:50:00,United Kingdom,1,111.95,176,342,0.6026709993641934,1
16623,2011-09-10 12:50:00,United Kingdom,1,129.45,155,501,0.6026418224079662,1
13258,2011-09-10 12:50:00,United Kingdom,1,198.87,114,310,0.6025912448057721,1
14479,2011-09-10 12:50:00,United Kingdom,1,141.85,163,642,0.602558325469134,1
16698,2011-09-10 12:50:00,United Kingdom,2,1998.0,136,162,0.6023059858864255,1
15894,2011-09-10 12:50:00,United Kingdom,1,106.81,162,278,0.6017808781949651,1
17694,2011-09-10 12:50:00,United Kingdom,1,283.12,51,472,0.6015284599902075,1
13116,2011-09-10 12:50:00,United Kingdom,1,501.14,47,47,0.6012948377256643,1
13200,2011-09-10 12:50:00,United Kingdom,1,319.32,35,35,0.6012148185298118,1
17946,2011-09-10 12:50:00,United Kingdom,2,149.57999999999998,142,168,0.6010157821897256,1
13649,2011-09-10 12:50:00,United Kingdom,1,148.8,166,436,0.6009754071833624,1
13168,2011-09-10 12:50:00,United Kingdom,1,131.43,108,451,0.600841876953574,1
16629,2011-09-10 12:50:00,United Kingdom,1,227.68,5,5,0.6006929969795696,1
14690,2011-09-10 12:50:00,United Kingdom,1,212.56,61,320,0.6006374054349145,1
15599,2011-09-10 12:50:00,United Kingdom,1,448.83,113,355,0.600382300090079,1
13235,2011-09-10 12:50:00,United Kingdom,1,1031.07,121,121,0.6002339362217077,1
12518,2011-09-10 12:50:00,Germany,1,324.83,19,19,0.6002122316154141,1
17830,2011-09-10 12:50:00,United Kingdom,1,99.15,171,198,0.599947841772103,1
15307,2011-09-10 12:50:00,United Kingdom,1,205.3,5,5,0.5997050507019676,1
15675,2011-09-10 12:50:00,United Kingdom,1,180.39,64,313,0.5994384037155773,1
17759,2011-09-10 12:50:00,United Kingdom,2,167.14999999999998,78,493,0.5993294299045449,1
14149,2011-09-10 12:50:00,United Kingdom,1,446.62,130,130,0.5991997594022398,1
13064,2011-09-10 12:50:00,United Kingdom,1,455.95,62,501,0.5989764513044682,1
18261,2011-09-10 12:50:00,United Kingdom,1,224.8,5,5,0.5988106706099018,1
12811,2011-09-10 12:50:00,Portugal,2,274.6,170,337,0.598686753743982,1
18268,2011-09-10 12:50:00,United Kingdom,1,25.5,43,638,0.5986121940053836,1
17483,2011-09-10 12:50:00,United Kingdom,2,274.74,43,324,0.5983930381627325,1
13548,2011-09-10 12:50:00,United Kingdom,2,678.16,5,380,0.5982697336928978,1
17070,2011-09-10 12:50:00,United Kingdom,1,304.24,23,319,0.5981941391641871,1
13046,2011-09-10 12:50:00,United Kingdom,1,197.72,175,365,0.5979967630458163,1
16967,2011-09-10 12:50:00,United Kingdom,1,319.02,98,98,0.5979642746180135,1
15120,2011-09-10 12:50:00,United Kingdom,1,358.82,43,43,0.5979135260950592,1
15585,2011-09-10 12:50:00,United Kingdom,1,455.3,86,86,0.5977579087456112,1
18165,2011-09-10 12:50:00,United Kingdom,1,302.46000000000004,86,86,0.597419828116003,1
14071,2011-09-10 12:50:00,United Kingdom,2,356.81,169,174,0.5970167312092186,1
12541,2011-09-10 12:50:00,Spain,1,223.74,82,190,0.5968208542485197,1
18196,2011-09-10 12:50:00,United Kingdom,1,235.85,4,541,0.5965847372160367,1
15342,2011-09-10 12:50:00,United Kingdom,1,406.09,39,39,0.5960019545892469,1
17768,2011-09-10 12:50:00,United Kingdom,1,385.83,75,647,0.5959780719251339,1
17548,2011-09-10 12:50:00,United Kingdom,1,103.3,143,305,0.5958950219575109,1
12641,2011-09-10 12:50:00,Sweden,1,185.9,24,24,0.5958398216067305,1
16611,2011-09-10 12:50:00,United Kingdom,1,129.49,95,548,0.595836477225933,1
15071,2011-09-10 12:50:00,United Kingdom,1,393.40000000000003,3,480,0.5956447594564573,1
15584,2011-09-10 12:50:00,United Kingdom,1,150.4,71,580,0.595414665962856,1
12514,2011-09-10 12:50:00,Italy,1,1017.68,176,551,0.5953771983688916,1
16139,2011-09-10 12:50:00,United Kingdom,2,306.37,21,645,0.5953205891468334,1
13812,2011-09-10 12:50:00,Germany,1,278.74,14,14,0.595140117808423,1
16877,2011-09-10 12:50:00,United Kingdom,2,188.98000000000002,61,117,0.5948173935690632,1
13135,2011-09-10 12:50:00,United Kingdom,1,3096.0,106,400,0.5948132925459458,1
17941,2011-09-10 12:50:00,United Kingdom,1,304.56,40,611,0.5946449840549562,1
13740,2011-09-10 12:50:00,United Kingdom,1,350.75,150,647,0.5946445253376829,1
12729,2011-09-10 12:50:00,France,1,453.01,23,23,0.5946319020078341,1
17193,2011-09-10 12:50:00,United Kingdom,2,448.56000000000006,86,647,0.5944822738340136,1
15030,2011-09-10 12:50:00,United Kingdom,1,152.76,177,554,0.5944746426289739,1
15831,2011-09-10 12:50:00,United Kingdom,1,141.17,33,233,0.5940493362063819,1
14133,2011-09-10 12:50:00,United Kingdom,2,287.64,39,643,0.5938104460925875,1
18193,2011-09-10 12:50:00,United Kingdom,1,243.76,74,351,0.5938051018241809,1
17492,2011-09-10 12:50:00,United Kingdom,1,374.57,157,427,0.5935399721797129,1
13833,2011-09-10 12:50:00,United Kingdom,1,383.85,68,313,0.5928769676909477,1
12644,2011-09-10 12:50:00,Germany,1,477.91,39,603,0.5927418815201665,1
12465,2011-09-10 12:50:00,Belgium,1,440.94,78,78,0.5922772099779746,1
17637,2011-09-10 12:50:00,United Kingdom,1,338.95,24,24,0.5921313612625925,1
13827,2011-09-10 12:50:00,United Kingdom,2,300.76,43,52,0.592129134781888,1
18121,2011-09-10 12:50:00,United Kingdom,2,653.3,58,64,0.5920117546285678,1
13575,2011-09-10 12:50:00,United Kingdom,2,218.75,43,85,0.5919500884302668,1
15053,2011-09-10 12:50:00,United Kingdom,1,255.95,65,191,0.5916260573051421,1
14628,2011-09-10 12:50:00,United Kingdom,2,671.96,0,592,0.5911103799660556,1
16820,2011-09-10 12:50:00,United Kingdom,1,497.61,5,5,0.5909894828419905,1
14387,2011-09-10 12:50:00,United Kingdom,1,440.76,18,18,0.5909342024405673,1
17736,2011-09-10 12:50:00,United Kingdom,1,307.49,22,22,0.5908419294417331,1
12434,2011-09-10 12:50:00,Australia,1,286.25,169,290,0.5908405303738303,1
13731,2011-09-10 12:50:00,United Kingdom,2,610.59,128,156,0.5905544833470622,1
13686,2011-09-10 12:50:00,United Kingdom,1,72.0,92,310,0.590094573014452,1
12897,2011-09-10 12:50:00,United Kingdom,1,87.7,114,453,0.5900578871597301,1
16193,2011-09-10 12:50:00,United Kingdom,1,314.45,146,320,0.5899041222021267,1
17746,2011-09-10 12:50:00,United Kingdom,1,110.25,149,519,0.5898310373479945,1
12521,2011-09-10 12:50:00,Germany,1,599.68,52,52,0.5885849582124993,1
12571,2011-09-10 12:50:00,France,1,248.35,31,31,0.5885295393126833,1
16424,2011-09-10 12:50:00,United Kingdom,1,133.56,100,292,0.5884774053896957,1
14862,2011-09-10 12:50:00,United Kingdom,1,304.09999999999997,58,58,0.587848970836694,1
15488,2011-09-10 12:50:00,United Kingdom,1,91.32000000000001,2,492,0.5877543750679564,1
17582,2011-09-10 12:50:00,United Kingdom,1,175.27,145,533,0.5876501181105348,1
14034,2011-09-10 12:50:00,United Kingdom,2,473.90999999999997,66,66,0.5874630724110884,1
14256,2011-09-10 12:50:00,United Kingdom,1,445.2,169,604,0.5874402054259523,1
18218,2011-09-10 12:50:00,United Kingdom,1,352.7,120,569,0.5872997411752323,1
15252,2011-09-10 12:50:00,United Kingdom,1,300.55,92,521,0.5872192019483309,1
14148,2011-09-10 12:50:00,United Kingdom,1,157.2,143,323,0.5870531587371955,1
13038,2011-09-10 12:50:00,United Kingdom,1,196.66,93,200,0.5866947064532959,1
13656,2011-09-10 12:50:00,United Kingdom,1,216.95,74,505,0.5865477296387821,1
13516,2011-09-10 12:50:00,United Kingdom,1,146.0,148,327,0.5860697082961711,1
12679,2011-09-10 12:50:00,France,1,112.32000000000001,115,193,0.5857647190342973,1
15457,2011-09-10 12:50:00,United Kingdom,1,237.07,171,171,0.5857310906463218,1
16031,2011-09-10 12:50:00,United Kingdom,2,547.9,1,156,0.5857133395489051,1
13405,2011-09-10 12:50:00,United Kingdom,1,397.40000000000003,113,633,0.5852980219971713,1
12915,2011-09-10 12:50:00,United Kingdom,1,164.0,58,498,0.585240563616552,1
14489,2011-09-10 12:50:00,United Kingdom,1,463.38,116,522,0.5848317141101884,1
16275,2011-09-10 12:50:00,United Kingdom,1,559.87,106,550,0.5846784694639225,1
14616,2011-09-10 12:50:00,United Kingdom,1,158.4,152,458,0.5845979891225899,1
17874,2011-09-10 12:50:00,United Kingdom,6,683.46,94,165,0.5840259157413781,1
15145,2011-09-10 12:50:00,United Kingdom,2,724.03,136,157,0.5836187369496405,1
16619,2011-09-10 12:50:00,United Kingdom,1,226.21,173,565,0.5832436997879386,1
14823,2011-09-10 12:50:00,United Kingdom,3,321.43,89,104,0.5832328562993352,1
17579,2011-09-10 12:50:00,United Kingdom,2,270.86,47,487,0.5832295838147582,1
18147,2011-09-10 12:50:00,United Kingdom,1,98.88,18,18,0.5832098656525196,1
16589,2011-09-10 12:50:00,United Kingdom,2,214.68,16,359,0.5831728265730961,1
14353,2011-09-10 12:50:00,United Kingdom,1,90.6,124,341,0.5830113473812856,1
12809,2011-09-10 12:50:00,Portugal,1,489.31,87,556,0.5828501183868838,1
12556,2011-09-10 12:50:00,Spain,1,308.75,60,60,0.5827629394029703,1
14620,2011-09-10 12:50:00,United Kingdom,1,177.43,115,193,0.5826549237595299,1
16600,2011-09-10 12:50:00,United Kingdom,1,111.6,162,630,0.5825764980824488,1
16943,2011-09-10 12:50:00,United Kingdom,2,365.7,121,533,0.5823508574449094,1
15691,2011-09-10 12:50:00,United Kingdom,1,136.8,161,642,0.5822993200411946,1
15700,2011-09-10 12:50:00,United Kingdom,2,696.68,81,82,0.5821619801596943,1
15068,2011-09-10 12:50:00,United Kingdom,1,239.95999999999998,165,530,0.5820281711929625,1
12733,2011-09-10 12:50:00,USA,1,383.95,143,598,0.5817472615172786,1
17073,2011-09-10 12:50:00,United Kingdom,1,453.79,18,18,0.5817127243530441,1
15314,2011-09-10 12:50:00,United Kingdom,1,327.97,108,337,0.581581357548994,1
14320,2011-09-10 12:50:00,United Kingdom,1,125.28,116,597,0.5815046771593309,1
13667,2011-09-10 12:50:00,United Kingdom,1,299.05,58,58,0.5814985571372293,1
15806,2011-09-10 12:50:00,United Kingdom,1,221.52,67,186,0.5813086510119433,1
18080,2011-09-10 12:50:00,United Kingdom,1,841.4999999999999,152,152,0.5808414903963144,1
12715,2011-09-10 12:50:00,Sweden,1,343.36,15,15,0.5808098195825214,1
14452,2011-09-10 12:50:00,United Kingdom,1,127.37,3,430,0.580787549887507,1
16305,2011-09-10 12:50:00,United Kingdom,1,361.21999999999997,48,48,0.5805451929789149,1
17410,2011-09-10 12:50:00,United Kingdom,2,419.54999999999995,5,124,0.5793475177067389,1
17122,2011-09-10 12:50:00,United Kingdom,1,138.32,28,409,0.5792422689230291,1
13531,2011-09-10 12:50:00,United Kingdom,1,178.35,114,645,0.5789771107413709,1
13626,2011-09-10 12:50:00,United Kingdom,1,257.23,162,288,0.5789718665139206,1
13601,2011-09-10 12:50:00,United Kingdom,1,373.2,120,455,0.5781593344959122,1
15918,2011-09-10 12:50:00,United Kingdom,1,192.23,100,541,0.5780906832206463,1
12798,2011-09-10 12:50:00,Japan,1,1607.04,80,331,0.5777867775961592,1
15724,2011-09-10 12:50:00,United Kingdom,1,114.60000000000001,110,310,0.5773701934777685,1
12384,2011-09-10 12:50:00,Switzerland,1,292.69,31,31,0.5772361688421448,1
15212,2011-09-10 12:50:00,United Kingdom,1,101.8,150,286,0.5770236643000668,1
13837,2011-09-10 12:50:00,United Kingdom,1,157.54000000000002,121,227,0.5768116490122865,1
15026,2011-09-10 12:50:00,United Kingdom,1,121.80000000000001,149,357,0.5767734645398334,1
16910,2011-09-10 12:50:00,United Kingdom,1,111.78,0,0,0.5763120669291635,1
12787,2011-09-10 12:50:00,Netherlands,2,344.65999999999997,1,322,0.5761096065292696,1
17033,2011-09-10 12:50:00,United Kingdom,1,300.29999999999995,123,306,0.5758861639828903,1
16866,2011-09-10 12:50:00,United Kingdom,3,207.73999999999998,50,71,0.5758550704449444,1
12516,2011-09-10 12:50:00,Germany,1,583.2,90,508,0.5758532484499624,1
15839,2011-09-10 12:50:00,United Kingdom,1,299.18,57,57,0.5758404350371507,1
13652,2011-09-10 12:50:00,United Kingdom,1,329.44,166,561,0.5758319820377493,1
13583,2011-09-10 12:50:00,United Kingdom,1,781.03,65,588,0.5756741883530471,1
14920,2011-09-10 12:50:00,United Kingdom,2,977.77,122,474,0.5755333298539757,1
13420,2011-09-10 12:50:00,United Kingdom,2,159.85,59,80,0.5751406657214501,1
18252,2011-09-10 12:50:00,United Kingdom,1,69.89999999999999,81,630,0.5751150056407474,1
12352,2011-09-10 12:50:00,Norway,2,280.66,171,302,0.5749288902256364,1
15713,2011-09-10 12:50:00,United Kingdom,1,185.55,52,633,0.5749189453936078,1
13589,2011-09-10 12:50:00,United Kingdom,1,147.0,89,643,0.5744359839472517,1
13294,2011-09-10 12:50:00,United Kingdom,2,873.74,99,555,0.5743833688228143,1
13016,2011-09-10 12:50:00,United Kingdom,1,425.25,32,32,0.5742931427310544,1
12754,2011-09-10 12:50:00,Japan,1,2949.12,145,218,0.5742589277745818,1
17272,2011-09-10 12:50:00,United Kingdom,2,1409.44,108,172,0.5742268407686592,1
14672,2011-09-10 12:50:00,United Kingdom,1,480.27,144,590,0.5740718065981794,1
17962,2011-09-10 12:50:00,United Kingdom,1,102.41,51,604,0.5738137214849305,1
17527,2011-09-10 12:50:00,United Kingdom,2,606.62,19,127,0.5737214787497421,1
17955,2011-09-10 12:50:00,United Kingdom,4,557.3,108,574,0.5736269714071108,1
16374,2011-09-10 12:50:00,United Kingdom,1,154.2,171,497,0.5734433359139706,1
16777,2011-09-10 12:50:00,United Kingdom,1,173.52,166,542,0.5733962746645238,1
14475,2011-09-10 12:50:00,United Kingdom,1,315.62,95,318,0.5733425814766206,1
12689,2011-09-10 12:50:00,France,1,511.03,37,37,0.5733074252549446,1
13711,2011-09-10 12:50:00,United Kingdom,2,252.06,128,633,0.5721602470791746,1
12994,2011-09-10 12:50:00,United Kingdom,2,645.47,29,178,0.5719041161288504,1
13663,2011-09-10 12:50:00,United Kingdom,1,189.47,88,556,0.5714937639090709,1
16582,2011-09-10 12:50:00,United Kingdom,1,313.62,22,22,0.5712288269659053,1
16117,2011-09-10 12:50:00,United Kingdom,1,232.21,99,501,0.5710104125026275,1
17190,2011-09-10 12:50:00,United Kingdom,1,195.0,116,553,0.5707934543327693,1
16730,2011-09-10 12:50:00,United Kingdom,1,293.92,144,228,0.5706741295040785,1
14834,2011-09-10 12:50:00,United Kingdom,2,429.3,29,316,0.5703695591840959,1
16440,2011-09-10 12:50:00,United Kingdom,1,272.46,124,403,0.5701510770084487,1
15679,2011-09-10 12:50:00,United Kingdom,2,260.26,63,92,0.5697861285984351,1
12688,2011-09-10 12:50:00,Israel,1,4873.8099999999995,23,23,0.5697738150614741,1
17601,2011-09-10 12:50:00,United Kingdom,1,116.00999999999999,148,289,0.5696284520429856,1
14778,2011-09-10 12:50:00,United Kingdom,1,396.81,36,218,0.5696142708117345,1
12724,2011-09-10 12:50:00,France,1,125.46000000000001,82,444,0.5688072336561065,1
12375,2011-09-10 12:50:00,Finland,1,230.3,7,7,0.5685572916492816,1
16835,2011-09-10 12:50:00,United Kingdom,1,99.1,37,479,0.5682442101458396,1
14055,2011-09-10 12:50:00,United Kingdom,1,725.6400000000001,15,632,0.5678447161404019,1
13813,2011-09-10 12:50:00,Germany,1,385.14,44,643,0.5677170732349879,1
17158,2011-09-10 12:50:00,United Kingdom,1,284.76,142,551,0.5676621859018947,1
15069,2011-09-10 12:50:00,United Kingdom,1,1109.53,88,88,0.5675742063319595,1
12653,2011-09-10 12:50:00,Israel,1,1430.75,58,436,0.5673501930960846,1
13388,2011-09-10 12:50:00,United Kingdom,2,677.0999999999999,40,513,0.5669428856575514,1
16960,2011-09-10 12:50:00,United Kingdom,1,201.53,162,556,0.5667011457665403,1
15206,2011-09-10 12:50:00,United Kingdom,2,219.0,9,185,0.5663403668436755,1
18018,2011-09-10 12:50:00,United Kingdom,2,122.14,17,330,0.5662592917185367,1
12695,2011-09-10 12:50:00,France,2,333.9,16,574,0.5661692267577689,1
13029,2011-09-10 12:50:00,United Kingdom,1,390.7,48,432,0.56578073175311,1
12808,2011-09-10 12:50:00,Portugal,1,151.95000000000002,94,372,0.5656093170421165,1
17571,2011-09-10 12:50:00,United Kingdom,1,201.25,55,452,0.5655637428524409,1
14024,2011-09-10 12:50:00,United Kingdom,2,327.7,31,300,0.5655503776809506,1
12363,2011-09-10 12:50:00,Unspecified,2,552.0,19,151,0.5655324409293017,1
15181,2011-09-10 12:50:00,United Kingdom,2,435.0,84,640,0.5651860474957803,1
13539,2011-09-10 12:50:00,United Kingdom,1,151.55,149,500,0.565057076703022,1
14693,2011-09-10 12:50:00,United Kingdom,1,172.9,174,435,0.5649646663205955,1
13055,2011-09-10 12:50:00,United Kingdom,1,344.86,123,339,0.5647695275345561,1
16567,2011-09-10 12:50:00,United Kingdom,1,308.03999999999996,103,246,0.5641594827773593,1
13085,2011-09-10 12:50:00,United Kingdom,1,137.98000000000002,67,648,0.5641553195498438,1
17048,2011-09-10 12:50:00,United Kingdom,1,164.95000000000002,27,599,0.564138963573825,1
14643,2011-09-10 12:50:00,United Kingdom,1,335.87,79,638,0.5640665675325587,1
13092,2011-09-10 12:50:00,United Kingdom,2,144.1,121,577,0.5638998221435912,1
18160,2011-09-10 12:50:00,United Kingdom,1,318.55,109,295,0.5637851162754024,1
14338,2011-09-10 12:50:00,United Kingdom,2,588.22,70,446,0.5637789797140514,1
17521,2011-09-10 12:50:00,United Kingdom,1,159.56,108,344,0.5636737634540007,1
17917,2011-09-10 12:50:00,United Kingdom,1,119.55,165,272,0.5632374485938663,1
14459,2011-09-10 12:50:00,United Kingdom,1,1837.92,64,560,0.5631788005473368,1
14375,2011-09-10 12:50:00,United Kingdom,1,235.56,94,450,0.5628239865569684,1
16647,2011-09-10 12:50:00,United Kingdom,2,214.06,79,453,0.5627088805030381,1
16385,2011-09-10 12:50:00,United Kingdom,1,126.62,67,541,0.5626996246079076,1
16392,2011-09-10 12:50:00,United Kingdom,1,217.89,179,471,0.5613366104036078,1
14220,2011-09-10 12:50:00,United Kingdom,1,319.42,156,478,0.5612559066227278,1
16484,2011-09-10 12:50:00,United Kingdom,2,404.3,83,100,0.561190359413255,1
13726,2011-09-10 12:50:00,United Kingdom,1,292.68,10,10,0.5611684398983343,1
14985,2011-09-10 12:50:00,United Kingdom,1,172.24,107,267,0.5611286647828166,1
14704,2011-09-10 12:50:00,United Kingdom,2,207.5,52,533,0.5608519542032656,1
14323,2011-09-10 12:50:00,United Kingdom,2,605.06,24,148,0.5607449432335703,1
17553,2011-09-10 12:50:00,United Kingdom,1,1487.6,39,520,0.5602418810866459,1
16377,2011-09-10 12:50:00,United Kingdom,1,676.2,176,527,0.5600656523130251,1
14226,2011-09-10 12:50:00,United Kingdom,2,1692.0,119,350,0.5599824438455311,1
13210,2011-09-10 12:50:00,United Kingdom,1,353.48,3,3,0.5591956115829526,1
12922,2011-09-10 12:50:00,United Kingdom,1,405.38,70,70,0.5588406196333875,1
16927,2011-09-10 12:50:00,United Kingdom,1,201.6,25,271,0.5588396778400859,1
14715,2011-09-10 12:50:00,United Kingdom,1,347.3,4,599,0.5585765387929406,1
17423,2011-09-10 12:50:00,United Kingdom,1,449.42,127,303,0.5581790510369014,1
13499,2011-09-10 12:50:00,United Kingdom,2,463.79,134,179,0.558074831026669,1
14885,2011-09-10 12:50:00,United Kingdom,1,765.3199999999999,41,375,0.5577072255356493,1
15016,2011-09-10 12:50:00,United Kingdom,1,170.04,82,452,0.5575072516052535,1
16256,2011-09-10 12:50:00,United Kingdom,1,752.4300000000001,176,507,0.5574307071920438,1
13079,2011-09-10 12:50:00,United Kingdom,2,59.5,0,326,0.5570544451045452,1
16952,2011-09-10 12:50:00,United Kingdom,2,167.61,18,637,0.5570288711379694,1
13761,2011-09-10 12:50:00,United Kingdom,1,491.71000000000004,89,566,0.5566300526724158,1
16532,2011-09-10 12:50:00,United Kingdom,1,2606.4,45,530,0.5565163567488197,1
16303,2011-09-10 12:50:00,United Kingdom,1,3209.15,25,540,0.556358834442262,1
15045,2011-09-10 12:50:00,United Kingdom,2,735.66,61,167,0.5562403086502211,1
15826,2011-09-10 12:50:00,United Kingdom,1,720.0,120,477,0.5559699915997863,1
15074,2011-09-10 12:50:00,United Kingdom,1,735.67,14,377,0.5556682362299156,1
12642,2011-09-10 12:50:00,Germany,1,366.45,17,17,0.5554388603889956,1
17405,2011-09-10 12:50:00,United Kingdom,1,393.31,59,59,0.5554069508049649,1
15786,2011-09-10 12:50:00,United Kingdom,1,3147.64,23,446,0.5553936828031987,1
14597,2011-09-10 12:50:00,United Kingdom,1,165.1,101,346,0.5553762549255978,1
14759,2011-09-10 12:50:00,United Kingdom,2,870.85,22,142,0.5552028029095372,1
16205,2011-09-10 12:50:00,United Kingdom,1,112.35,89,452,0.5548338683177586,1
15582,2011-09-10 12:50:00,United Kingdom,2,541.51,9,129,0.5543394541333826,1
14699,2011-09-10 12:50:00,United Kingdom,1,109.13000000000001,123,435,0.5542128222031528,1
17742,2011-09-10 12:50:00,United Kingdom,1,52.54,22,647,0.5539484464786504,1
14937,2011-09-10 12:50:00,Channel Islands,1,759.56,39,39,0.5539345673150886,1
14301,2011-09-10 12:50:00,United Kingdom,1,640.14,26,575,0.5538332346750379,1
15179,2011-09-10 12:50:00,United Kingdom,2,169.5,143,646,0.5538282390872473,1
16006,2011-09-10 12:50:00,United Kingdom,1,101.4,120,297,0.553655388127234,1
17764,2011-09-10 12:50:00,United Kingdom,1,230.67000000000002,120,645,0.5532969451043896,1
17438,2011-09-10 12:50:00,United Kingdom,1,388.45000000000005,163,550,0.5529392301855831,1
17481,2011-09-10 12:50:00,United Kingdom,1,260.63,3,3,0.5528551329121042,1
17256,2011-09-10 12:50:00,United Kingdom,1,112.10000000000001,16,509,0.5524029262209887,1
15506,2011-09-10 12:50:00,United Kingdom,1,208.77,48,387,0.5521319068950811,1
12770,2011-09-10 12:50:00,Japan,1,1351.45,120,366,0.5520554558508673,1
14552,2011-09-10 12:50:00,United Kingdom,1,164.22,61,501,0.5519572435885746,1
12717,2011-09-10 12:50:00,Greece,2,1030.98,60,499,0.5515901892590116,1
16330,2011-09-10 12:50:00,United Kingdom,2,48.96,21,572,0.5511465035896592,1
13402,2011-09-10 12:50:00,United Kingdom,1,312.95,36,474,0.5509085838257773,1
17709,2011-09-10 12:50:00,United Kingdom,1,137.45,79,512,0.5506932997028999,1
14915,2011-09-10 12:50:00,United Kingdom,1,165.20000000000002,0,646,0.5504481997237006,1
12409,2011-09-10 12:50:00,Switzerland,1,6207.08,92,474,0.5502282474861013,1
17984,2011-09-10 12:50:00,United Kingdom,1,152.68,54,648,0.5500439949247493,1
14912,2011-09-10 12:50:00,Italy,1,482.78999999999996,156,591,0.5498390701811368,1
12358,2011-09-10 12:50:00,Austria,1,484.86,60,641,0.5496086652194477,1
15917,2011-09-10 12:50:00,United Kingdom,1,123.1,157,646,0.5495985547886503,1
12875,2011-09-10 12:50:00,United Kingdom,1,49.470000000000006,52,607,0.5495214453398212,1
13277,2011-09-10 12:50:00,United Kingdom,2,125.9,25,449,0.5494919083387936,1
12526,2011-09-10 12:50:00,Germany,1,520.3,3,3,0.5489553045803645,1
17024,2011-09-10 12:50:00,United Kingdom,2,56.25,8,67,0.5483868454114642,1
16726,2011-09-10 12:50:00,United Kingdom,1,191.4,105,320,0.5483453594997266,1
16761,2011-09-10 12:50:00,United Kingdom,1,316.62,6,6,0.5481644389788841,1
14342,2011-09-10 12:50:00,United Kingdom,2,419.74,46,381,0.5478382760093236,1
17051,2011-09-10 12:50:00,United Kingdom,1,240.89000000000001,103,537,0.547719107773533,1
12405,2011-09-10 12:50:00,Finland,1,1710.39,58,58,0.5477032314964685,1
14829,2011-09-10 12:50:00,United Kingdom,1,146.3,93,345,0.5470054437852492,1
17451,2011-09-10 12:50:00,United Kingdom,1,346.01,15,15,0.5467321244481137,1
18190,2011-09-10 12:50:00,United Kingdom,1,113.0,101,627,0.546692249902139,1
15424,2011-09-10 12:50:00,United Kingdom,2,383.34000000000003,163,372,0.5463175364060333,1
12406,2011-09-10 12:50:00,Denmark,1,1621.25,93,606,0.5462436722933696,1
15467,2011-09-10 12:50:00,United Kingdom,2,402.56,54,61,0.5458119017037323,1
14205,2011-09-10 12:50:00,United Kingdom,1,222.9,173,552,0.5456659605419024,1
14215,2011-09-10 12:50:00,United Kingdom,1,176.16,96,641,0.5456547598441284,1
12616,2011-09-10 12:50:00,France,1,457.7,4,298,0.5455249675614975,1
18222,2011-09-10 12:50:00,United Kingdom,1,443.0,2,2,0.5450121581855992,1
15136,2011-09-10 12:50:00,United Kingdom,1,582.9,5,5,0.5447819403390998,1
12743,2011-09-10 12:50:00,Unspecified,2,540.13,43,43,0.5446490026005997,1
15019,2011-09-10 12:50:00,United Kingdom,1,252.81,176,176,0.5443508693034148,1
14000,2011-09-10 12:50:00,United Kingdom,1,635.66,120,647,0.5441081779144152,1
14708,2011-09-10 12:50:00,United Kingdom,1,282.12,63,365,0.544083671099627,1
17734,2011-09-10 12:50:00,United Kingdom,2,540.21,46,551,0.5439025817152767,1
17277,2011-09-10 12:50:00,United Kingdom,1,348.33000000000004,137,232,0.5435198463204669,1
16469,2011-09-10 12:50:00,United Kingdom,2,268.3,155,423,0.542944695551421,1
16272,2011-09-10 12:50:00,United Kingdom,1,411.7,26,26,0.5426267363429331,1
17837,2011-09-10 12:50:00,United Kingdom,3,376.51,57,72,0.5424770004905765,1
15717,2011-09-10 12:50:00,United Kingdom,1,150.3,143,502,0.5424555442283673,1
17871,2011-09-10 12:50:00,United Kingdom,1,155.9,114,602,0.5423059550777923,1
13220,2011-09-10 12:50:00,United Kingdom,3,726.49,95,485,0.5422729205691802,1
18043,2011-09-10 12:50:00,United Kingdom,1,133.68,116,276,0.5422130138485879,1
13280,2011-09-10 12:50:00,United Kingdom,1,115.5,31,554,0.5421683107701797,1
15076,2011-09-10 12:50:00,United Kingdom,1,880.85,82,431,0.5415094380202913,1
14931,2011-09-10 12:50:00,Channel Islands,2,586.0,115,150,0.5414352622820732,1
17578,2011-09-10 12:50:00,United Kingdom,1,143.45999999999998,127,439,0.5410331809992728,1
17597,2011-09-10 12:50:00,United Kingdom,1,2044.3700000000001,123,492,0.5408714650892611,1
16362,2011-09-10 12:50:00,United Kingdom,3,360.65000000000003,0,347,0.5407467342252785,1
17889,2011-09-10 12:50:00,United Kingdom,1,102.02,121,528,0.5405707833188864,1
12885,2011-09-10 12:50:00,United Kingdom,1,645.35,33,33,0.5402194309055527,1
13760,2011-09-10 12:50:00,United Kingdom,1,135.09,165,502,0.5400954609374774,1
13224,2011-09-10 12:50:00,United Kingdom,1,1212.26,60,60,0.540046158240654,1
15004,2011-09-10 12:50:00,United Kingdom,1,1220.77,56,56,0.5400235919648949,1
12701,2011-09-10 12:50:00,Germany,1,337.08,151,542,0.5397746054456999,1
17777,2011-09-10 12:50:00,United Kingdom,1,189.79999999999998,9,9,0.5393772109728714,1
17031,2011-09-10 12:50:00,United Kingdom,1,225.95,64,490,0.5393663481677271,1
14506,2011-09-10 12:50:00,United Kingdom,1,264.8,71,509,0.5393634821593881,1
15953,2011-09-10 12:50:00,United Kingdom,1,171.92,121,645,0.539320159270298,1
17267,2011-09-10 12:50:00,United Kingdom,2,317.20000000000005,36,36,0.5391553507590249,1
15081,2011-09-10 12:50:00,United Kingdom,1,136.9,117,445,0.5388670992524488,1
12414,2011-09-10 12:50:00,Austria,2,408.65,126,373,0.5382580397582812,1
17440,2011-09-10 12:50:00,United Kingdom,3,186.42,66,458,0.5380400751059288,1
16898,2011-09-10 12:50:00,United Kingdom,1,201.69,86,486,0.5378728207499137,1
17856,2011-09-10 12:50:00,United Kingdom,2,659.82,142,191,0.5378224436428065,1
16692,2011-09-10 12:50:00,United Kingdom,1,1267.5,165,351,0.5375441384970139,1
16951,2011-09-10 12:50:00,United Kingdom,2,223.96,44,213,0.5367472428451792,1
16121,2011-09-10 12:50:00,United Kingdom,1,285.94,125,475,0.536454720487554,1
14500,2011-09-10 12:50:00,United Kingdom,2,335.85,21,99,0.5363098796071395,1
14446,2011-09-10 12:50:00,United Kingdom,1,303.04,156,296,0.5362060962700482,1
17795,2011-09-10 12:50:00,United Kingdom,2,342.83000000000004,89,174,0.5358312738194774,1
16309,2011-09-10 12:50:00,United Kingdom,2,706.5699999999999,15,150,0.5356136734900966,1
17414,2011-09-10 12:50:00,United Kingdom,1,598.0,94,645,0.5355070605401974,1
12680,2011-09-10 12:50:00,France,1,311.78,22,22,0.5352909382916174,1
16298,2011-09-10 12:50:00,United Kingdom,1,114.3,96,351,0.535127712320481,1
17218,2011-09-10 12:50:00,United Kingdom,1,172.95,123,592,0.5349959142015295,1
17041,2011-09-10 12:50:00,United Kingdom,1,446.39,18,509,0.5349121727555708,1
16637,2011-09-10 12:50:00,United Kingdom,2,530.55,33,135,0.533893268868529,1
14389,2011-09-10 12:50:00,United Kingdom,1,311.14,100,499,0.5338713776970015,1
12728,2011-09-10 12:50:00,France,1,164.05,166,293,0.5338488697669354,1
15832,2011-09-10 12:50:00,United Kingdom,1,836.79,163,163,0.5337746140675244,1
13239,2011-09-10 12:50:00,United Kingdom,1,329.56,171,411,0.5335917689042093,1
14998,2011-09-10 12:50:00,United Kingdom,2,414.87,79,514,0.533386743523397,1
13946,2011-09-10 12:50:00,United Kingdom,2,485.97,111,645,0.5332390777059737,1
15602,2011-09-10 12:50:00,United Kingdom,1,138.2,110,647,0.5331453750761476,1
15791,2011-09-10 12:50:00,United Kingdom,1,1223.24,113,551,0.5330449854627914,1
14553,2011-09-10 12:50:00,United Kingdom,1,110.38,128,419,0.5327771574918818,1
12438,2011-09-10 12:50:00,Norway,1,890.0699999999999,49,49,0.5324403675940652,1
13427,2011-09-10 12:50:00,United Kingdom,2,464.86,29,631,0.5321688012921449,1
14532,2011-09-10 12:50:00,United Kingdom,1,140.55,145,608,0.5319357330157412,1
13339,2011-09-10 12:50:00,United Kingdom,1,860.12,110,110,0.5319303740046072,1
16475,2011-09-10 12:50:00,United Kingdom,2,149.3,53,183,0.5319089263466091,1
18173,2011-09-10 12:50:00,United Kingdom,2,875.36,108,522,0.531815618556235,1
16163,2011-09-10 12:50:00,United Kingdom,1,415.00000000000006,141,647,0.5317076870559042,1
12794,2011-09-10 12:50:00,Portugal,1,317.0,8,8,0.5314059934455986,1
15652,2011-09-10 12:50:00,United Kingdom,1,337.74,0,394,0.5313773044879226,1
15759,2011-09-10 12:50:00,United Kingdom,1,68.0,127,647,0.5304585716900146,1
16418,2011-09-10 12:50:00,United Kingdom,2,368.36,2,332,0.5302418688507667,1
14075,2011-09-10 12:50:00,United Kingdom,1,307.92,170,450,0.5301780837282994,1
13928,2011-09-10 12:50:00,United Kingdom,2,225.45,16,42,0.5301324046797661,1
16639,2011-09-10 12:50:00,United Kingdom,2,471.1500000000001,116,318,0.5300322407362514,1
16250,2011-09-10 12:50:00,United Kingdom,1,163.3,170,296,0.5298965863080943,1
16008,2011-09-10 12:50:00,United Kingdom,1,139.15,114,540,0.5296767181386665,1
12457,2011-09-10 12:50:00,Switzerland,3,1067.25,143,344,0.5291009485893589,1
17507,2011-09-10 12:50:00,United Kingdom,1,265.02,171,218,0.5289464332167049,1
16341,2011-09-10 12:50:00,United Kingdom,1,797.65,110,519,0.5287335655190125,1
16805,2011-09-10 12:50:00,United Kingdom,1,245.82,83,640,0.5285707101621842,1
14567,2011-09-10 12:50:00,United Kingdom,1,800.76,39,39,0.5285682324265688,1
18071,2011-09-10 12:50:00,United Kingdom,1,194.05,167,644,0.5283663500164728,1
15901,2011-09-10 12:50:00,United Kingdom,1,110.49,64,453,0.5280900168125351,1
16442,2011-09-10 12:50:00,United Kingdom,1,285.37,137,636,0.5280406605330558,1
17412,2011-09-10 12:50:00,United Kingdom,1,120.7,105,646,0.5280286821558895,1
17109,2011-09-10 12:50:00,United Kingdom,2,464.59,141,407,0.5280090784700981,1
14009,2011-09-10 12:50:00,United Kingdom,2,695.61,107,372,0.5277492405958114,1
15793,2011-09-10 12:50:00,United Kingdom,1,306.64,178,647,0.5273773082229934,1
16869,2011-09-10 12:50:00,United Kingdom,2,387.68,75,84,0.5272923687397668,1
18008,2011-09-10 12:50:00,United Kingdom,6,1934.6,112,612,0.5272384899022154,1
15730,2011-09-10 12:50:00,United Kingdom,2,777.22,1,340,0.5271830288630875,1
14265,2011-09-10 12:50:00,Unspecified,2,530.1800000000001,18,521,0.5270238451306201,1
18078,2011-09-10 12:50:00,United Kingdom,2,336.13,126,537,0.5268505786684049,1
14522,2011-09-10 12:50:00,United Kingdom,2,760.7,1,593,0.5268459639353621,1
17969,2011-09-10 12:50:00,United Kingdom,1,103.0,75,642,0.5267536123816332,1
16955,2011-09-10 12:50:00,United Kingdom,1,163.69,94,587,0.5267306605804466,1
14335,2011-09-10 12:50:00,Germany,1,347.5,5,5,0.5265045311615737,1
12582,2011-09-10 12:50:00,Finland,1,306.2,148,487,0.5263440784463778,1
16014,2011-09-10 12:50:00,United Kingdom,1,260.75,61,587,0.5261521598212523,1
12826,2011-09-10 12:50:00,United Kingdom,1,121.52,88,631,0.5260557495506509,1
14037,2011-09-10 12:50:00,United Kingdom,1,35.400000000000006,85,642,0.5251904010086543,1
17259,2011-09-10 12:50:00,United Kingdom,1,213.28,57,564,0.5249277460532189,1
14765,2011-09-10 12:50:00,United Kingdom,2,95.5,21,85,0.5248745346682238,1
17047,2011-09-10 12:50:00,United Kingdom,2,749.4300000000001,114,641,0.5246310327476407,1
15574,2011-09-10 12:50:00,United Kingdom,1,112.1,87,373,0.524599801492907,1
14803,2011-09-10 12:50:00,United Kingdom,1,114.76,71,201,0.5244895659185376,1
14421,2011-09-10 12:50:00,United Kingdom,1,455.18,121,601,0.524481035283254,1
16980,2011-09-10 12:50:00,United Kingdom,1,346.6,164,337,0.5243215611218378,1
17262,2011-09-10 12:50:00,United Kingdom,3,686.5,136,634,0.5240191850049705,1
13692,2011-09-10 12:50:00,United Kingdom,2,871.58,123,329,0.5237404349388145,1
15384,2011-09-10 12:50:00,United Kingdom,1,338.84,79,502,0.5236425696090289,1
13338,2011-09-10 12:50:00,United Kingdom,1,487.02,67,613,0.5236183710993637,1
18149,2011-09-10 12:50:00,United Kingdom,1,321.9,125,545,0.523617548752603,1
13850,2011-09-10 12:50:00,United Kingdom,1,1595.48,38,38,0.5236001711955777,1
15489,2011-09-10 12:50:00,United Kingdom,1,348.26,120,602,0.523564261192007,1
15587,2011-09-10 12:50:00,United Kingdom,1,111.96,52,401,0.5235367560207965,1
14331,2011-09-10 12:50:00,United Kingdom,2,462.66,33,44,0.5233917704667109,1
13805,2011-09-10 12:50:00,United Kingdom,1,500.24,38,38,0.5232977404036544,1
16823,2011-09-10 12:50:00,United Kingdom,1,358.38,136,647,0.5231374736540108,1
16984,2011-09-10 12:50:00,United Kingdom,1,3213.19,39,551,0.5228512432811414,1
14869,2011-09-10 12:50:00,United Kingdom,1,387.06,12,633,0.5227515674247157,1
12691,2011-09-10 12:50:00,France,1,150.1,54,330,0.5226364116109699,1
16947,2011-09-10 12:50:00,United Kingdom,1,406.48,145,556,0.5225198345947032,1
14561,2011-09-10 12:50:00,United Kingdom,2,566.99,71,93,0.522287372543563,1
15452,2011-09-10 12:50:00,United Kingdom,1,237.0,173,420,0.5222374542654724,1
17370,2011-09-10 12:50:00,United Kingdom,2,228.06,1,79,0.522078314891329,1
14477,2011-09-10 12:50:00,United Kingdom,1,358.0,93,613,0.5220777019374533,1
16340,2011-09-10 12:50:00,United Kingdom,1,534.31,16,460,0.5218655550841358,1
16261,2011-09-10 12:50:00,United Kingdom,2,409.99,22,351,0.521722777834935,1
16643,2011-09-10 12:50:00,United Kingdom,1,487.51,155,332,0.521341242460139,1
14245,2011-09-10 12:50:00,United Kingdom,2,1693.45,129,173,0.5211410215144514,1
13736,2011-09-10 12:50:00,United Kingdom,1,357.53,169,643,0.521035207007909,1
17002,2011-09-10 12:50:00,United Kingdom,1,480.46000000000004,125,550,0.5209995863656322,1
17046,2011-09-10 12:50:00,United Kingdom,1,642.02,66,529,0.5209242366893478,1
12535,2011-09-10 12:50:00,France,2,716.3499999999999,1,96,0.5209140827760994,1
16566,2011-09-10 12:50:00,United Kingdom,2,368.98,79,202,0.5207584295334428,1
16229,2011-09-10 12:50:00,United Kingdom,1,358.2,122,473,0.5207560293392868,1
13470,2011-09-10 12:50:00,United Kingdom,2,165.0,8,24,0.5202863288344451,1
17075,2011-09-10 12:50:00,United Kingdom,1,133.47,162,635,0.5202523877298879,1
18151,2011-09-10 12:50:00,United Kingdom,1,340.8,44,555,0.5201895282670796,1
13221,2011-09-10 12:50:00,United Kingdom,1,349.25,149,268,0.5200916653304082,1
14947,2011-09-10 12:50:00,United Kingdom,1,178.5,40,534,0.5198567343936527,1
16723,2011-09-10 12:50:00,United Kingdom,2,576.4,0,644,0.519840637366035,1
17708,2011-09-10 12:50:00,United Kingdom,1,156.48,97,333,0.519556997562884,1
16473,2011-09-10 12:50:00,United Kingdom,1,98.3,74,283,0.5194177936275703,1
16357,2011-09-10 12:50:00,United Kingdom,2,257.95000000000005,71,290,0.5187071507403745,1
16287,2011-09-10 12:50:00,United Kingdom,1,142.5,79,599,0.5185460072844585,1
17298,2011-09-10 12:50:00,United Kingdom,2,498.42,10,551,0.5180690888934344,1
14566,2011-09-10 12:50:00,Channel Islands,1,1432.0,20,443,0.5179903219412335,1
16356,2011-09-10 12:50:00,United Kingdom,2,109.77,107,461,0.5176558234116126,1
13741,2011-09-10 12:50:00,United Kingdom,2,363.13,93,126,0.5174953359016692,1
16037,2011-09-10 12:50:00,United Kingdom,1,251.56,179,558,0.5173227332344374,1
18081,2011-09-10 12:50:00,United Kingdom,2,208.05,22,43,0.5172125020974058,1
13989,2011-09-10 12:50:00,United Kingdom,1,896.6700000000001,148,473,0.5170737103801483,1
15732,2011-09-10 12:50:00,United Kingdom,1,156.02,121,583,0.5167885096705019,1
16110,2011-09-10 12:50:00,United Kingdom,1,274.18,171,431,0.5167654081094313,1
16474,2011-09-10 12:50:00,United Kingdom,1,341.35,54,54,0.5164542406335209,1
13474,2011-09-10 12:50:00,United Kingdom,1,226.84,145,404,0.5164502073273219,1
14456,2011-09-10 12:50:00,United Kingdom,3,636.65,40,51,0.5163951009193786,1
15882,2011-09-10 12:50:00,United Kingdom,2,145.04000000000002,108,638,0.5157139980962337,1
16555,2011-09-10 12:50:00,United Kingdom,1,151.98,19,414,0.515654514969997,1
13614,2011-09-10 12:50:00,United Kingdom,1,573.13,73,460,0.5156109351423607,1
14096,2011-09-10 12:50:00,United Kingdom,3,244.68,0,11,0.5150257232256757,1
16511,2011-09-10 12:50:00,United Kingdom,2,565.7,54,558,0.5145106393959527,1
16603,2011-09-10 12:50:00,United Kingdom,1,296.62,0,0,0.5144972846193469,1
14870,2011-09-10 12:50:00,United Kingdom,1,327.25,171,593,0.5137134154781393,1
14684,2011-09-10 12:50:00,United Kingdom,1,325.08,124,299,0.5135925699082902,1
14035,2011-09-10 12:50:00,United Kingdom,2,535.66,16,522,0.5134740481778453,1
15325,2011-09-10 12:50:00,United Kingdom,1,161.74,13,570,0.5134124597412042,1
16245,2011-09-10 12:50:00,United Kingdom,2,769.7,31,166,0.5133869529735386,1
16657,2011-09-10 12:50:00,United Kingdom,2,414.79,58,164,0.5127989983613196,1
13355,2011-09-10 12:50:00,United Kingdom,1,674.7,31,31,0.5126722649376961,1
13936,2011-09-10 12:50:00,United Kingdom,1,376.58,89,323,0.5126686514857371,1
14377,2011-09-10 12:50:00,United Kingdom,2,617.05,100,171,0.5124499899644395,1
18180,2011-09-10 12:50:00,United Kingdom,2,601.8499999999999,46,52,0.5123319802405174,1
15850,2011-09-10 12:50:00,United Kingdom,1,116.16,77,635,0.5122702702492373,1
13122,2011-09-10 12:50:00,United Kingdom,2,922.39,3,149,0.5122379665907121,1
13846,2011-09-10 12:50:00,United Kingdom,1,252.53,151,309,0.5122099767029543,1
13762,2011-09-10 12:50:00,United Kingdom,1,306.72,128,608,0.512203152225082,1
15198,2011-09-10 12:50:00,United Kingdom,2,193.64,1,599,0.5120483320989722,1
16449,2011-09-10 12:50:00,United Kingdom,1,291.0,107,190,0.5120221482056168,1
15334,2011-09-10 12:50:00,United Kingdom,3,350.82,66,82,0.5120118371144184,1
12849,2011-09-10 12:50:00,United Kingdom,1,668.8499999999999,178,500,0.5119790951726855,1
16431,2011-09-10 12:50:00,United Kingdom,1,288.68,122,206,0.5116016030561218,1
14818,2011-09-10 12:50:00,United Kingdom,2,409.63,78,557,0.51145392633295,1
16399,2011-09-10 12:50:00,United Kingdom,1,178.41,144,298,0.5113909174274984,1
13544,2011-09-10 12:50:00,United Kingdom,1,113.01,150,554,0.511285091133104,1
15237,2011-09-10 12:50:00,United Kingdom,2,1093.65,112,136,0.5108995191297786,1
16660,2011-09-10 12:50:00,United Kingdom,1,101.76,120,604,0.5107557354732734,1
15780,2011-09-10 12:50:00,United Kingdom,2,298.13,93,267,0.5107121254525413,1
16147,2011-09-10 12:50:00,United Kingdom,1,375.0,43,582,0.510645800881256,1
15149,2011-09-10 12:50:00,United Kingdom,1,520.8000000000001,43,559,0.5103526144424344,1
17749,2011-09-10 12:50:00,United Kingdom,2,674.52,87,455,0.5101476808100845,1
16828,2011-09-10 12:50:00,United Kingdom,2,128.5,2,21,0.5099040246429539,1
13814,2011-09-10 12:50:00,Germany,2,1579.12,1,436,0.5098953588689774,1
17974,2011-09-10 12:50:00,United Kingdom,1,164.07,129,316,0.5098612495358407,1
13865,2011-09-10 12:50:00,United Kingdom,2,260.03999999999996,46,199,0.5097512616296734,1
17649,2011-09-10 12:50:00,United Kingdom,1,868.49,47,381,0.5097383363865206,1
17341,2011-09-10 12:50:00,United Kingdom,2,265.68,66,449,0.5095048183494697,1
16091,2011-09-10 12:50:00,United Kingdom,2,315.06,64,108,0.5095014818825078,1
16038,2011-09-10 12:50:00,United Kingdom,2,393.33,86,111,0.5088622857526495,1
18220,2011-09-10 12:50:00,United Kingdom,1,305.28000000000003,136,634,0.508607011801406,1
16768,2011-09-10 12:50:00,United Kingdom,1,103.24000000000001,13,642,0.508353916364042,1
14233,2011-09-10 12:50:00,United Kingdom,1,328.15000000000003,121,553,0.5081116969887386,1
13217,2011-09-10 12:50:00,United Kingdom,3,533.98,31,565,0.508007313651501,1
13479,2011-09-10 12:50:00,United Kingdom,2,300.95,110,386,0.5079534462118087,1
15215,2011-09-10 12:50:00,United Kingdom,1,300.04,6,522,0.5079176328516752,1
14662,2011-09-10 12:50:00,United Kingdom,1,155.3,144,645,0.5077793004943381,1
17230,2011-09-10 12:50:00,United Kingdom,1,203.4,173,640,0.5075930571585268,1
15123,2011-09-10 12:50:00,United Kingdom,1,1069.47,115,543,0.5074158756152777,1
15192,2011-09-10 12:50:00,United Kingdom,2,729.3199999999999,29,589,0.5069901900540301,1
13939,2011-09-10 12:50:00,United Kingdom,1,205.71,18,522,0.5067997115077408,1
13955,2011-09-10 12:50:00,United Kingdom,1,117.86,63,284,0.5064673816185717,1
13075,2011-09-10 12:50:00,United Kingdom,1,919.61,39,39,0.5064634762143593,1
14607,2011-09-10 12:50:00,United Kingdom,1,495.0,170,634,0.506034312266268,1
16230,2011-09-10 12:50:00,United Kingdom,2,542.03,99,129,0.5059775463292745,1
17707,2011-09-10 12:50:00,United Kingdom,1,68.7,94,642,0.5059542517123278,1
14481,2011-09-10 12:50:00,United Kingdom,1,333.65,74,587,0.5057364300679731,1
13863,2011-09-10 12:50:00,United Kingdom,1,305.78,157,502,0.5056376772349879,1
15364,2011-09-10 12:50:00,United Kingdom,2,913.19,5,163,0.5055661206798332,1
17420,2011-09-10 12:50:00,United Kingdom,1,260.66,80,310,0.5053394512014506,1
14193,2011-09-10 12:50:00,United Kingdom,1,422.53999999999996,179,306,0.5052785283003715,1
13835,2011-09-10 12:50:00,United Kingdom,2,537.3399999999999,64,555,0.5052144605097737,1
17189,2011-09-10 12:50:00,United Kingdom,1,157.18,15,647,0.5051260693596296,1
17312,2011-09-10 12:50:00,United Kingdom,3,644.3,48,68,0.5050325377405551,1
17320,2011-09-10 12:50:00,United Kingdom,2,749.7,9,596,0.5050260219879767,1
13642,2011-09-10 12:50:00,United Kingdom,1,312.28,125,342,0.5047544455687347,1
17935,2011-09-10 12:50:00,United Kingdom,2,145.79,47,644,0.5045425250401865,1
15594,2011-09-10 12:50:00,United Kingdom,2,788.22,3,144,0.5044873178244499,1
14896,2011-09-10 12:50:00,United Kingdom,1,211.55,114,643,0.5034827189259043,1
14214,2011-09-10 12:50:00,United Kingdom,2,260.51,65,187,0.5032251090844896,1
17299,2011-09-10 12:50:00,United Kingdom,2,268.19,9,390,0.5029008532422191,1
12999,2011-09-10 12:50:00,United Kingdom,3,455.88,105,155,0.5028392371840971,1
16933,2011-09-10 12:50:00,United Kingdom,1,224.73,148,639,0.5028251607452562,1
13223,2011-09-10 12:50:00,United Kingdom,2,163.20000000000002,109,574,0.5026142802447772,1
15743,2011-09-10 12:50:00,United Kingdom,2,434.05,23,94,0.502564185067942,1
16872,2011-09-10 12:50:00,United Kingdom,2,464.68,14,372,0.5025614859635478,1
14449,2011-09-10 12:50:00,United Kingdom,1,189.67,156,345,0.5020642777924706,1
16105,2011-09-10 12:50:00,United Kingdom,1,336.96,158,513,0.5016525203567317,1
13572,2011-09-10 12:50:00,United Kingdom,1,1384.25,115,115,0.5014219828425098,1
16788,2011-09-10 12:50:00,United Kingdom,2,594.3900000000001,32,580,0.50140511391562,1
17147,2011-09-10 12:50:00,United Kingdom,1,563.61,116,607,0.5013538319106091,1
16529,2011-09-10 12:50:00,United Kingdom,1,455.25,99,439,0.5012305029236385,1
13253,2011-09-10 12:50:00,United Kingdom,1,553.92,66,613,0.5010028903775089,1
15800,2011-09-10 12:50:00,United Kingdom,2,696.89,16,527,0.5009820678037203,1
18016,2011-09-10 12:50:00,United Kingdom,1,164.01,95,590,0.5009029631162422,1
17530,2011-09-10 12:50:00,United Kingdom,4,719.93,115,642,0.49984921312086633,1
14921,2011-09-10 12:50:00,United Kingdom,1,903.01,110,110,0.499813730383133,1
17894,2011-09-10 12:50:00,United Kingdom,1,128.9,5,378,0.4997464599859745,1
16531,2011-09-10 12:50:00,United Kingdom,1,199.7,36,351,0.4996194576310386,1
17631,2011-09-10 12:50:00,United Kingdom,2,416.5,46,639,0.4995623973415622,1
13811,2011-09-10 12:50:00,Germany,3,814.5,93,148,0.4992094078082229,1
17827,2011-09-10 12:50:00,United Kingdom,1,309.51,151,531,0.49919879096809183,1
15381,2011-09-10 12:50:00,United Kingdom,2,596.8499999999999,123,492,0.4991929208519625,1
13890,2011-09-10 12:50:00,United Kingdom,1,310.76,16,642,0.49910241432117725,1
16332,2011-09-10 12:50:00,United Kingdom,2,529.47,39,498,0.4989699734268051,1
17854,2011-09-10 12:50:00,United Kingdom,2,311.26,94,641,0.4986738373482663,1
16770,2011-09-10 12:50:00,United Kingdom,1,121.63,146,383,0.4986683264214118,1
14551,2011-09-10 12:50:00,United Kingdom,1,125.43,113,591,0.49836412571387956,1
13243,2011-09-10 12:50:00,United Kingdom,1,585.12,112,540,0.4979923985584776,1
17157,2011-09-10 12:50:00,United Kingdom,1,161.46,85,644,0.4979558518014308,1
17886,2011-09-10 12:50:00,United Kingdom,2,377.71000000000004,120,499,0.49772194228660616,1
15157,2011-09-10 12:50:00,United Kingdom,1,419.91,63,638,0.4973544383326645,1
15648,2011-09-10 12:50:00,United Kingdom,2,639.5,113,176,0.4972362482664842,1
12942,2011-09-10 12:50:00,United Kingdom,2,416.85,40,275,0.4972355629196342,1
15117,2011-09-10 12:50:00,United Kingdom,2,675.73,30,543,0.49722326558487634,1
16979,2011-09-10 12:50:00,United Kingdom,1,208.5,57,359,0.4972116083264994,1
14286,2011-09-10 12:50:00,United Kingdom,1,2050.08,152,645,0.496672847359414,1
15426,2011-09-10 12:50:00,United Kingdom,1,251.56,166,495,0.49612545912812694,1
14038,2011-09-10 12:50:00,United Kingdom,2,1086.42,53,583,0.49609428621208557,1
16426,2011-09-10 12:50:00,United Kingdom,3,361.46000000000004,2,185,0.4960786681963206,1
13167,2011-09-10 12:50:00,United Kingdom,2,417.54999999999995,40,299,0.4957644108311689,1
12854,2011-09-10 12:50:00,United Kingdom,1,420.46999999999997,150,637,0.4954106323525166,1
17765,2011-09-10 12:50:00,United Kingdom,3,367.63,68,358,0.49508856411910984,1
18024,2011-09-10 12:50:00,United Kingdom,2,389.78,62,62,0.49508532338079914,1
14293,2011-09-10 12:50:00,United Kingdom,1,231.39,56,639,0.49467564832292726,1
17618,2011-09-10 12:50:00,United Kingdom,1,346.5,157,594,0.4946069435355605,1
18242,2011-09-10 12:50:00,United Kingdom,2,694.0799999999999,105,607,0.49457037520244834,1
17731,2011-09-10 12:50:00,United Kingdom,3,963.74,37,578,0.4945008685653342,1
12933,2011-09-10 12:50:00,United Kingdom,1,246.73999999999998,80,638,0.4943170547303367,1
15494,2011-09-10 12:50:00,United Kingdom,1,1119.88,30,638,0.49429297843810455,1
14222,2011-09-10 12:50:00,United Kingdom,1,683.17,86,86,0.4942912313570928,1
12597,2011-09-10 12:50:00,Spain,2,1428.81,92,177,0.4942681789300153,1
12589,2011-09-10 12:50:00,France,1,131.5,54,599,0.4939749601364152,1
16112,2011-09-10 12:50:00,United Kingdom,2,59.6,52,248,0.4939256003867075,1
16369,2011-09-10 12:50:00,United Kingdom,1,354.45,106,520,0.49383910913975354,1
14013,2011-09-10 12:50:00,United Kingdom,2,354.52,19,533,0.49344942730412933,1
16756,2011-09-10 12:50:00,United Kingdom,1,239.4,124,549,0.49329291748870824,1
15920,2011-09-10 12:50:00,United Kingdom,4,167.5,63,634,0.4929749558569668,1
14077,2011-09-10 12:50:00,United Kingdom,2,193.29,91,304,0.492819029074168,1
13949,2011-09-10 12:50:00,United Kingdom,1,537.9,4,4,0.4924935477292293,1
16244,2011-09-10 12:50:00,United Kingdom,1,466.12,121,282,0.4922488078769496,1
15031,2011-09-10 12:50:00,United Kingdom,1,110.96000000000001,19,640,0.49214154944005734,1
12453,2011-09-10 12:50:00,Austria,1,707.09,43,43,0.4916629214235326,1
17897,2011-09-10 12:50:00,United Kingdom,1,131.14,82,485,0.4916015703174031,1
15443,2011-09-10 12:50:00,United Kingdom,1,247.09,18,552,0.4915807752789787,1
13705,2011-09-10 12:50:00,United Kingdom,1,204.54,54,533,0.4914659283507254,1
13439,2011-09-10 12:50:00,United Kingdom,1,283.71,164,435,0.49126482504590435,1
13026,2011-09-10 12:50:00,United Kingdom,2,519.84,2,636,0.49099490124033063,1
16584,2011-09-10 12:50:00,United Kingdom,1,611.94,163,571,0.4909897090246916,1
18179,2011-09-10 12:50:00,United Kingdom,2,480.26,161,572,0.4909576982280857,1
15227,2011-09-10 12:50:00,United Kingdom,1,251.75,125,543,0.49083617970116494,1
18009,2011-09-10 12:50:00,United Kingdom,1,247.39,144,562,0.4908113154831783,1
15757,2011-09-10 12:50:00,United Kingdom,1,261.36,127,456,0.49061541849246687,1
16734,2011-09-10 12:50:00,United Kingdom,2,302.40999999999997,23,23,0.4905125999276363,1
13192,2011-09-10 12:50:00,United Kingdom,2,911.94,4,596,0.4900885742991237,1
16099,2011-09-10 12:50:00,United Kingdom,2,592.1,47,556,0.4897117221840134,1
12364,2011-09-10 12:50:00,Belgium,1,623.92,21,21,0.4896718933338992,1
17472,2011-09-10 12:50:00,United Kingdom,1,259.27,100,537,0.48931700915872106,1
16023,2011-09-10 12:50:00,United Kingdom,2,500.69000000000005,101,175,0.48899151260626394,1
14206,2011-09-10 12:50:00,United Kingdom,1,328.15999999999997,148,312,0.48882096485529597,1
17744,2011-09-10 12:50:00,United Kingdom,1,280.56,160,290,0.48880879327670207,1
12418,2011-09-10 12:50:00,Switzerland,1,668.58,22,539,0.48879336729636197,1
16292,2011-09-10 12:50:00,United Kingdom,1,302.25,31,513,0.4887439674263037,1
15797,2011-09-10 12:50:00,United Kingdom,2,697.2,22,590,0.4883557389524185,1
13509,2011-09-10 12:50:00,United Kingdom,3,368.5,9,417,0.4882721356964613,1
13203,2011-09-10 12:50:00,United Kingdom,2,309.86,30,631,0.4882019066963018,1
14050,2011-09-10 12:50:00,United Kingdom,1,485.98,15,15,0.4879274118480137,1
17043,2011-09-10 12:50:00,United Kingdom,2,324.97,87,639,0.4876885087815802,1
13808,2011-09-10 12:50:00,United Kingdom,2,723.1,3,6,0.4876594051986963,1
15032,2011-09-10 12:50:00,United Kingdom,1,2188.5,165,638,0.4874668504149569,1
13131,2011-09-10 12:50:00,United Kingdom,1,324.9,97,578,0.4873366909455623,1
15462,2011-09-10 12:50:00,United Kingdom,3,234.6,3,355,0.48707927081310703,1
14152,2011-09-10 12:50:00,United Kingdom,1,314.51,143,568,0.487056473851819,1
14104,2011-09-10 12:50:00,United Kingdom,2,216.20999999999998,64,469,0.48620707566819155,1
12507,2011-09-10 12:50:00,Spain,2,858.65,43,494,0.4861752124507519,1
12348,2011-09-10 12:50:00,Finland,1,367.0,158,347,0.48612640871246704,1
16276,2011-09-10 12:50:00,United Kingdom,1,810.6000000000001,86,517,0.48550961703382456,1
17987,2011-09-10 12:50:00,United Kingdom,1,198.57,94,460,0.4854036293267751,1
13821,2011-09-10 12:50:00,United Kingdom,2,385.64,54,613,0.48522835212196325,1
14891,2011-09-10 12:50:00,United Kingdom,2,554.38,57,346,0.4845075674462231,1
13546,2011-09-10 12:50:00,United Kingdom,1,182.26,110,333,0.4845063361083082,1
17302,2011-09-10 12:50:00,United Kingdom,2,478.76,32,215,0.48426395579271275,1
12778,2011-09-10 12:50:00,Netherlands,2,239.65,92,512,0.48409529362048886,1
15349,2011-09-10 12:50:00,United Kingdom,2,463.90999999999997,67,96,0.48388143771322933,1
15563,2011-09-10 12:50:00,United Kingdom,1,465.43,110,590,0.48293102451763786,1
15952,2011-09-10 12:50:00,United Kingdom,2,309.2,68,134,0.48281496232156956,1
16998,2011-09-10 12:50:00,United Kingdom,3,205.00000000000003,59,353,0.48266250769218155,1
14336,2011-09-10 12:50:00,United Kingdom,2,579.97,107,185,0.48255719377838185,1
12739,2011-09-10 12:50:00,United Arab Emirates,1,975.54,8,303,0.48253453096706966,1
14419,2011-09-10 12:50:00,United Kingdom,1,183.04,162,292,0.48198196858512604,1
16146,2011-09-10 12:50:00,United Kingdom,3,734.13,66,358,0.4819279013861322,1
17353,2011-09-10 12:50:00,United Kingdom,2,1740.0,38,533,0.48191291073124903,1
13410,2011-09-10 12:50:00,United Kingdom,2,294.8,96,640,0.48174350762734774,1
17004,2011-09-10 12:50:00,United Kingdom,1,905.6,2,333,0.4815134708464211,1
15799,2011-09-10 12:50:00,United Kingdom,1,161.02,94,327,0.4812735976700619,1
16005,2011-09-10 12:50:00,United Kingdom,1,120.49000000000001,92,359,0.4811558040675837,1
16342,2011-09-10 12:50:00,United Kingdom,3,283.71,17,89,0.48113356313237554,1
18135,2011-09-10 12:50:00,United Kingdom,1,109.82000000000001,99,543,0.480761751509105,1
14593,2011-09-10 12:50:00,United Kingdom,2,339.59,108,639,0.4807433498556543,1
14499,2011-09-10 12:50:00,United Kingdom,1,244.94,43,379,0.4806945504914369,1
12585,2011-09-10 12:50:00,Germany,1,777.25,143,260,0.4803849343649159,1
17990,2011-09-10 12:50:00,United Kingdom,1,314.84000000000003,146,641,0.480328097460976,1
12685,2011-09-10 12:50:00,France,2,1606.42,2,3,0.4802558369231743,1
17152,2011-09-10 12:50:00,United Kingdom,3,1689.5,104,335,0.4800470411451474,1
12433,2011-09-10 12:50:00,Norway,1,2608.11,0,386,0.4799075640315189,1
16191,2011-09-10 12:50:00,United Kingdom,1,596.4,172,638,0.4797345990855644,1
17797,2011-09-10 12:50:00,United Kingdom,1,272.41,92,633,0.4795135594834063,1
16464,2011-09-10 12:50:00,United Kingdom,1,380.33,51,51,0.4794291642112222,1
16539,2011-09-10 12:50:00,United Kingdom,1,306.36,129,441,0.4791144844955703,1
18136,2011-09-10 12:50:00,United Kingdom,1,311.86,121,360,0.47883514365874247,1
16618,2011-09-10 12:50:00,United Kingdom,3,713.13,120,232,0.4788295303300729,1
14875,2011-09-10 12:50:00,United Kingdom,2,1465.32,17,351,0.478813031804548,1
12990,2011-09-10 12:50:00,United Kingdom,1,166.4,94,529,0.47870051179161277,1
17787,2011-09-10 12:50:00,United Kingdom,1,149.02,62,280,0.47862825412484483,1
13495,2011-09-10 12:50:00,United Kingdom,1,207.0,141,642,0.4785099537772636,1
14513,2011-09-10 12:50:00,United Kingdom,2,436.84000000000003,10,477,0.4783530257484366,1
13591,2011-09-10 12:50:00,United Kingdom,2,776.23,113,634,0.4779284478050737,1
15258,2011-09-10 12:50:00,United Kingdom,2,623.1600000000001,78,126,0.4776035011214041,1
13849,2011-09-10 12:50:00,United Kingdom,1,593.5799999999999,80,534,0.47747042844294196,1
13248,2011-09-10 12:50:00,United Kingdom,2,465.67999999999995,34,98,0.47740829666498885,1
15734,2011-09-10 12:50:00,United Kingdom,2,1339.4500000000003,24,456,0.4773264607721049,1
13815,2011-09-10 12:50:00,Germany,1,1965.74,81,575,0.4772208249789345,1
18287,2011-09-10 12:50:00,United Kingdom,1,765.28,111,481,0.47707535771714465,1
17685,2011-09-10 12:50:00,United Kingdom,1,326.5,176,575,0.4769246077858426,1
17173,2011-09-10 12:50:00,United Kingdom,2,961.26,26,40,0.47692293525780854,1
14504,2011-09-10 12:50:00,United Kingdom,2,395.48,152,187,0.47686870282472305,1
14655,2011-09-10 12:50:00,United Kingdom,1,810.56,131,505,0.47568419469901785,1
16053,2011-09-10 12:50:00,United Kingdom,1,1124.19,31,520,0.4756721240478333,1
16043,2011-09-10 12:50:00,United Kingdom,2,368.64000000000004,120,391,0.47546489273067494,1
17105,2011-09-10 12:50:00,United Kingdom,1,346.38,68,215,0.4749825854919619,1
14447,2011-09-10 12:50:00,United Kingdom,1,336.03000000000003,105,309,0.47488824199791413,1
13627,2011-09-10 12:50:00,United Kingdom,2,715.81,85,549,0.4742923801099028,1
13140,2011-09-10 12:50:00,United Kingdom,2,264.21000000000004,17,400,0.4742255054004383,1
13643,2011-09-10 12:50:00,United Kingdom,2,259.4,8,641,0.47414546455806905,1
14965,2011-09-10 12:50:00,United Kingdom,2,596.0899999999999,5,5,0.4739360953425349,1
15809,2011-09-10 12:50:00,United Kingdom,3,200.41,93,444,0.47389818183893095,1
15898,2011-09-10 12:50:00,United Kingdom,2,481.3,136,637,0.4738456684592222,1
14656,2011-09-10 12:50:00,United Kingdom,1,157.94,78,513,0.473411423072129,1
13476,2011-09-10 12:50:00,United Kingdom,1,510.87,88,554,0.47324076452497604,1
14327,2011-09-10 12:50:00,United Kingdom,1,311.65,72,609,0.4730040895405412,1
16493,2011-09-10 12:50:00,United Kingdom,1,414.49,82,532,0.4726190980141733,1
13138,2011-09-10 12:50:00,United Kingdom,2,296.22,42,306,0.47216509173044185,1
12534,2011-09-10 12:50:00,Germany,1,1089.18,40,40,0.4721264327684572,1
17088,2011-09-10 12:50:00,United Kingdom,2,1399.1100000000001,92,163,0.4720190294224662,1
16324,2011-09-10 12:50:00,United Kingdom,3,408.59000000000003,37,86,0.4713188651622959,1
15146,2011-09-10 12:50:00,United Kingdom,1,492.94,74,200,0.4713171773534046,1
17616,2011-09-10 12:50:00,United Kingdom,2,244.79999999999998,83,361,0.47097586193306135,1
16239,2011-09-10 12:50:00,United Kingdom,1,347.9,99,372,0.4708050385270027,1
12857,2011-09-10 12:50:00,United Kingdom,1,304.8,120,592,0.4707513830355425,1
12917,2011-09-10 12:50:00,United Kingdom,1,594.0,37,639,0.4705879143489451,1
16094,2011-09-10 12:50:00,United Kingdom,1,252.1,128,511,0.4705878057150075,1
15620,2011-09-10 12:50:00,United Kingdom,1,450.52,130,319,0.4704310101803435,1
16383,2011-09-10 12:50:00,United Kingdom,1,309.46,177,582,0.47023064910225865,1
15389,2011-09-10 12:50:00,United Kingdom,1,500.0,81,591,0.47013539556318773,1
17115,2011-09-10 12:50:00,United Kingdom,2,612.8199999999999,92,644,0.4697636673894034,1
12381,2011-09-10 12:50:00,Norway,1,1268.74,29,29,0.4696703937632921,1
15265,2011-09-10 12:50:00,United Kingdom,2,1506.12,60,647,0.469418060774544,1
18125,2011-09-10 12:50:00,United Kingdom,1,212.93,111,225,0.46929637275531805,1
12876,2011-09-10 12:50:00,Belgium,1,726.43,105,499,0.46921921979452463,1
16696,2011-09-10 12:50:00,United Kingdom,4,657.9000000000001,44,157,0.4689537887765623,1
13282,2011-09-10 12:50:00,United Kingdom,2,773.1000000000001,71,315,0.4688744904683846,1
16825,2011-09-10 12:50:00,United Kingdom,1,318.7,95,443,0.46886741144316857,1
14514,2011-09-10 12:50:00,United Kingdom,1,147.86,110,635,0.46881394149670325,1
12393,2011-09-10 12:50:00,Australia,1,421.6,155,337,0.46845645392619456,1
15502,2011-09-10 12:50:00,United Kingdom,1,3315.0699999999997,33,464,0.4684146664592119,1
12592,2011-09-10 12:50:00,Germany,2,437.6,1,428,0.4681688597570522,1
14006,2011-09-10 12:50:00,United Kingdom,2,657.75,25,562,0.4680175784919086,1
16711,2011-09-10 12:50:00,United Kingdom,1,311.07,49,646,0.4679476762988774,1
17029,2011-09-10 12:50:00,United Kingdom,2,716.0,20,573,0.4676571768233914,1
15508,2011-09-10 12:50:00,United Kingdom,6,1000.27,98,144,0.4673052894728545,1
15433,2011-09-10 12:50:00,United Kingdom,2,533.3,123,176,0.4672694788886857,1
12494,2011-09-10 12:50:00,France,2,556.3100000000001,71,485,0.46605237550473505,1
13466,2011-09-10 12:50:00,United Kingdom,1,307.9,93,537,0.46594824118535993,1
13895,2011-09-10 12:50:00,United Kingdom,2,937.3000000000001,52,645,0.46572690484867507,1
14463,2011-09-10 12:50:00,United Kingdom,3,529.62,7,409,0.46552351221262495,1
14443,2011-09-10 12:50:00,United Kingdom,1,383.12,48,288,0.4649307540461577,1
15267,2011-09-10 12:50:00,United Kingdom,2,1407.76,65,92,0.4648617475177404,1
13772,2011-09-10 12:50:00,United Kingdom,2,682.97,6,563,0.4647396465750932,1
14798,2011-09-10 12:50:00,United Kingdom,1,21.72,53,558,0.46472174719867276,1
13799,2011-09-10 12:50:00,United Kingdom,1,347.15999999999997,26,553,0.464618490245763,1
17349,2011-09-10 12:50:00,United Kingdom,1,98.25,88,540,0.4645355346245291,1
17133,2011-09-10 12:50:00,United Kingdom,3,2478.79,99,538,0.46421450026489236,1
12919,2011-09-10 12:50:00,United Kingdom,3,441.65,26,79,0.4641298474035585,1
14959,2011-09-10 12:50:00,United Kingdom,2,358.65999999999997,19,205,0.4632602780504188,1
17602,2011-09-10 12:50:00,United Kingdom,1,142.5,33,528,0.46307576139372314,1
13933,2011-09-10 12:50:00,United Kingdom,2,608.79,18,57,0.4629336218162635,1
12758,2011-09-10 12:50:00,Portugal,1,1221.4,26,647,0.46277055183396376,1
14277,2011-09-10 12:50:00,France,1,1629.03,121,635,0.46262498188224865,1
13309,2011-09-10 12:50:00,United Kingdom,1,155.93,116,302,0.4626057592208057,1
18079,2011-09-10 12:50:00,United Kingdom,2,2206.18,36,401,0.46251984068045393,1
12937,2011-09-10 12:50:00,United Kingdom,2,428.23,106,645,0.4619423800801219,1
14737,2011-09-10 12:50:00,United Kingdom,1,647.75,38,310,0.4617248707253786,1
12493,2011-09-10 12:50:00,France,2,433.74,75,106,0.4613292275879666,1
15261,2011-09-10 12:50:00,United Kingdom,1,254.82,44,344,0.46096067938634633,1
13838,2011-09-10 12:50:00,United Kingdom,2,236.88,27,489,0.46081912526617214,1
16621,2011-09-10 12:50:00,United Kingdom,2,446.56,57,187,0.46077742897986806,1
16389,2011-09-10 12:50:00,United Kingdom,1,550.52,114,192,0.4602837716985756,1
16987,2011-09-10 12:50:00,United Kingdom,3,629.45,79,646,0.46004965944968357,1
17550,2011-09-10 12:50:00,United Kingdom,3,267.15999999999997,106,579,0.45996599800784516,1
13984,2011-09-10 12:50:00,United Kingdom,2,534.58,35,642,0.4597157647263333,1
15024,2011-09-10 12:50:00,United Kingdom,2,150.03,22,333,0.4593906729558272,1
18232,2011-09-10 12:50:00,United Kingdom,3,500.62,67,106,0.4593837458585908,1
17676,2011-09-10 12:50:00,United Kingdom,3,430.14,18,529,0.45925541699864797,1
12513,2011-09-10 12:50:00,France,1,612.29,22,22,0.4589967142474725,1
14305,2011-09-10 12:50:00,United Kingdom,2,1048.45,23,44,0.4588380602680061,1
18171,2011-09-10 12:50:00,United Kingdom,3,753.86,8,613,0.45865052011334434,1
15795,2011-09-10 12:50:00,United Kingdom,1,610.01,59,600,0.45855884825512644,1
13719,2011-09-10 12:50:00,United Kingdom,2,338.74,114,480,0.45822158791928425,1
17242,2011-09-10 12:50:00,United Kingdom,2,1135.04,17,594,0.4582153854998983,1
12424,2011-09-10 12:50:00,Australia,2,1760.9600000000003,72,457,0.4582018002714466,1
13368,2011-09-10 12:50:00,United Kingdom,1,588.0,166,333,0.4580725783675466,1
13104,2011-09-10 12:50:00,United Kingdom,2,274.68,42,562,0.45789726307842066,1
17019,2011-09-10 12:50:00,United Kingdom,1,366.02,171,647,0.4577537319947776,1
13561,2011-09-10 12:50:00,United Kingdom,1,141.85999999999999,125,558,0.4576054513032915,1
16253,2011-09-10 12:50:00,United Kingdom,1,1700.4,164,640,0.4572662470348422,1
17703,2011-09-10 12:50:00,United Kingdom,2,490.96,18,327,0.4571427315253033,1
16054,2011-09-10 12:50:00,United Kingdom,1,783.9,54,526,0.457012869563497,1
12668,2011-09-10 12:50:00,Germany,1,1444.8,168,586,0.45665352611765303,1
17642,2011-09-10 12:50:00,United Kingdom,2,712.29,29,643,0.4561729361150718,1
12878,2011-09-10 12:50:00,United Kingdom,2,854.99,145,175,0.456150286767253,1
13730,2011-09-10 12:50:00,United Kingdom,2,752.5999999999999,45,71,0.45603572713349944,1
18183,2011-09-10 12:50:00,United Kingdom,1,319.27000000000004,136,184,0.45593926318776995,1
14053,2011-09-10 12:50:00,United Kingdom,2,260.25,33,396,0.4556910803738701,1
14657,2011-09-10 12:50:00,United Kingdom,1,114.54,64,344,0.4556342352764581,1
18202,2011-09-10 12:50:00,United Kingdom,2,911.26,109,220,0.45554095546426104,1
17180,2011-09-10 12:50:00,United Kingdom,2,307.36,150,596,0.4555353875008826,1
13956,2011-09-10 12:50:00,United Kingdom,2,558.05,47,180,0.45550033197295203,1
16969,2011-09-10 12:50:00,United Kingdom,2,478.96000000000004,43,101,0.45515281287455756,1
15596,2011-09-10 12:50:00,United Kingdom,2,326.09,10,409,0.4550359021116367,1
16034,2011-09-10 12:50:00,United Kingdom,2,284.1,105,318,0.4547621099952364,1
13515,2011-09-10 12:50:00,United Kingdom,3,523.96,26,554,0.4547401200142461,1
16816,2011-09-10 12:50:00,United Kingdom,2,91.61000000000001,12,267,0.4542103865988771,1
14978,2011-09-10 12:50:00,United Kingdom,1,394.83000000000004,145,500,0.45409041005338757,1
13889,2011-09-10 12:50:00,United Kingdom,1,416.90000000000003,2,595,0.4540578405548416,1
15605,2011-09-10 12:50:00,United Kingdom,1,312.58,161,603,0.45399040628112963,1
16188,2011-09-10 12:50:00,United Kingdom,3,755.03,50,318,0.4539050211800203,1
16010,2011-09-10 12:50:00,United Kingdom,2,282.3,155,321,0.4536739242496833,1
16593,2011-09-10 12:50:00,United Kingdom,1,185.9,99,644,0.45342744150290526,1
15916,2011-09-10 12:50:00,United Kingdom,2,271.89,101,638,0.4527842947345775,1
17214,2011-09-10 12:50:00,United Kingdom,1,158.87,158,268,0.4525395353661225,1
17155,2011-09-10 12:50:00,United Kingdom,1,143.3,87,646,0.4525282167874273,1
13489,2011-09-10 12:50:00,United Kingdom,2,213.83999999999997,14,204,0.4524039764181554,1
13533,2011-09-10 12:50:00,United Kingdom,3,269.09,92,177,0.45232250390403833,1
15813,2011-09-10 12:50:00,United Kingdom,2,1303.9099999999999,117,149,0.4517937019110466,1
17704,2011-09-10 12:50:00,United Kingdom,2,885.19,78,149,0.45176040025109854,1
15835,2011-09-10 12:50:00,United Kingdom,2,374.4,47,240,0.4517270420317245,1
16434,2011-09-10 12:50:00,United Kingdom,3,505.34,5,600,0.4515467199260284,1
13330,2011-09-10 12:50:00,United Kingdom,2,805.1099999999999,2,564,0.45150949426490866,1
14105,2011-09-10 12:50:00,United Kingdom,1,1266.23,148,630,0.4514779374117765,1
14820,2011-09-10 12:50:00,United Kingdom,1,139.77,82,587,0.45118059692715407,1
17633,2011-09-10 12:50:00,United Kingdom,2,648.6099999999999,12,298,0.45100191225937314,1
13791,2011-09-10 12:50:00,United Kingdom,2,1516.0,37,77,0.4508936092107901,1
13658,2011-09-10 12:50:00,United Kingdom,1,933.3,113,581,0.45068558488869664,1
12924,2011-09-10 12:50:00,United Kingdom,1,367.28000000000003,107,640,0.4505470856488251,1
14002,2011-09-10 12:50:00,United Kingdom,2,529.73,43,65,0.4501590235262307,1
14790,2011-09-10 12:50:00,United Kingdom,2,364.03999999999996,29,637,0.4500957553497631,1
15907,2011-09-10 12:50:00,United Kingdom,2,477.59000000000003,86,119,0.4499783995653947,1
15376,2011-09-10 12:50:00,United Kingdom,2,977.22,26,131,0.4498409595584183,1
13291,2011-09-10 12:50:00,United Kingdom,1,361.11,65,575,0.44971576505303923,1
15353,2011-09-10 12:50:00,United Kingdom,1,458.47,164,647,0.44949326770650694,1
15380,2011-09-10 12:50:00,United Kingdom,1,352.46000000000004,50,647,0.4492665714869809,1
16040,2011-09-10 12:50:00,United Kingdom,2,876.1800000000001,57,519,0.4492291088699165,1
17505,2011-09-10 12:50:00,United Kingdom,2,1145.8400000000001,71,514,0.4490546182314474,1
14631,2011-09-10 12:50:00,United Kingdom,1,320.58,144,396,0.44893442104458803,1
16122,2011-09-10 12:50:00,United Kingdom,1,300.42,22,334,0.4483187062136217,1
17849,2011-09-10 12:50:00,United Kingdom,2,260.70000000000005,127,544,0.44800255416556195,1
13650,2011-09-10 12:50:00,United Kingdom,2,745.52,116,592,0.4479303603301304,1
14883,2011-09-10 12:50:00,United Kingdom,2,358.48,73,121,0.44771117305747493,1
15777,2011-09-10 12:50:00,United Kingdom,1,293.96,150,478,0.44716493516246725,1
17630,2011-09-10 12:50:00,United Kingdom,2,503.6,79,141,0.4469767342474136,1
13523,2011-09-10 12:50:00,United Kingdom,2,1802.29,109,311,0.4466642166317874,1
17739,2011-09-10 12:50:00,United Kingdom,1,388.18,106,642,0.44649086610129995,1
13707,2011-09-10 12:50:00,United Kingdom,1,223.0,176,446,0.4464846286196025,1
16092,2011-09-10 12:50:00,United Kingdom,3,817.86,24,488,0.44594298669368726,1
12816,2011-09-10 12:50:00,Poland,2,572.2,5,85,0.4457977596281868,1
12664,2011-09-10 12:50:00,Finland,2,1295.9,53,636,0.4457949372982668,1
13052,2011-09-10 12:50:00,United Kingdom,1,348.15000000000003,121,564,0.4452500938230501,1
15472,2011-09-10 12:50:00,United Kingdom,1,371.56,22,22,0.4451914413884746,1
15164,2011-09-10 12:50:00,United Kingdom,1,194.79,117,599,0.44506887195110373,1
13395,2011-09-10 12:50:00,United Kingdom,1,307.72,94,330,0.444779759351255,1
17090,2011-09-10 12:50:00,United Kingdom,2,349.77,7,417,0.4447167432251535,1
13373,2011-09-10 12:50:00,United Kingdom,1,1067.8799999999999,68,643,0.44457827952905876,1
13296,2011-09-10 12:50:00,United Kingdom,1,87.4,46,486,0.4444976308653644,1
15658,2011-09-10 12:50:00,United Kingdom,3,447.7,99,646,0.44448850538937773,1
17360,2011-09-10 12:50:00,United Kingdom,1,320.9,93,344,0.4442207269785394,1
16774,2011-09-10 12:50:00,United Kingdom,3,542.2,25,570,0.44398121760931064,1
13310,2011-09-10 12:50:00,United Kingdom,1,407.47,115,311,0.4439056901932355,1
17648,2011-09-10 12:50:00,United Kingdom,3,1107.3899999999999,102,294,0.44376884281461865,1
18235,2011-09-10 12:50:00,United Kingdom,2,749.8,29,126,0.4436464346639518,1
13003,2011-09-10 12:50:00,United Kingdom,3,149.05,15,124,0.44362204166378527,1
13623,2011-09-10 12:50:00,United Kingdom,3,383.1700000000001,119,646,0.4436024555735571,1
13994,2011-09-10 12:50:00,United Kingdom,2,419.56,15,57,0.44341573263149475,1
16989,2011-09-10 12:50:00,United Kingdom,2,890.7,7,60,0.4431413167871078,1
13208,2011-09-10 12:50:00,United Kingdom,3,660.37,64,645,0.44299974402425657,1
15889,2011-09-10 12:50:00,United Kingdom,1,148.0,66,639,0.44285873464417763,1
14584,2011-09-10 12:50:00,United Kingdom,4,1033.06,78,569,0.4428505732688055,1
14161,2011-09-10 12:50:00,United Kingdom,1,551.43,125,636,0.4428065493215948,1
16081,2011-09-10 12:50:00,United Kingdom,2,834.77,94,584,0.4423033253711361,1
16085,2011-09-10 12:50:00,United Kingdom,1,143.69,146,597,0.4418703747647274,1
14548,2011-09-10 12:50:00,United Kingdom,1,326.4,60,642,0.44180788657595516,1
14352,2011-09-10 12:50:00,United Kingdom,3,847.66,66,182,0.4416962244883946,1
15681,2011-09-10 12:50:00,United Kingdom,2,357.53999999999996,92,473,0.44117459296115424,1
14451,2011-09-10 12:50:00,United Kingdom,1,360.0,104,601,0.4411436457538294,1
17695,2011-09-10 12:50:00,United Kingdom,2,765.34,41,590,0.4409347520457498,1
12421,2011-09-10 12:50:00,Spain,2,471.11,24,414,0.44058435927366096,1
16042,2011-09-10 12:50:00,United Kingdom,1,415.53,17,363,0.4405728124893466,1
15656,2011-09-10 12:50:00,United Kingdom,2,320.68,87,193,0.4402214393001548,1
15372,2011-09-10 12:50:00,United Kingdom,1,2007.3999999999999,46,573,0.4401127388531726,1
14958,2011-09-10 12:50:00,United Kingdom,3,483.72999999999996,56,645,0.4400545056058038,1
12865,2011-09-10 12:50:00,Austria,1,981.38,33,386,0.4399948718226298,1
12383,2011-09-10 12:50:00,Belgium,2,241.61,94,261,0.4398474394307141,1
14649,2011-09-10 12:50:00,United Kingdom,2,582.12,121,597,0.43981295741133813,1
12982,2011-09-10 12:50:00,United Kingdom,1,390.54,152,515,0.43979334448121665,1
14577,2011-09-10 12:50:00,United Kingdom,2,299.74,73,638,0.439481009160883,1
13265,2011-09-10 12:50:00,United Kingdom,2,1143.22,93,183,0.43914561220717274,1
13145,2011-09-10 12:50:00,United Kingdom,2,204.72000000000003,1,509,0.4385339349665193,1
16875,2011-09-10 12:50:00,United Kingdom,1,333.11,54,613,0.4383625761814465,1
12670,2011-09-10 12:50:00,France,3,1634.4699999999998,8,576,0.43824545418441974,1
13952,2011-09-10 12:50:00,United Kingdom,2,3251.071,127,633,0.4377338457036702,1
13900,2011-09-10 12:50:00,United Kingdom,3,740.95,92,533,0.43751210431701587,1
14700,2011-09-10 12:50:00,United Kingdom,2,1541.1,99,395,0.4372464067285263,1
12477,2011-09-10 12:50:00,Germany,2,6478.08,10,532,0.43718351245350134,1
18087,2011-09-10 12:50:00,United Kingdom,1,852.8,7,648,0.4368558252550282,1
14273,2011-09-10 12:50:00,United Kingdom,3,450.05,45,151,0.43654211433833323,1
14842,2011-09-10 12:50:00,United Kingdom,2,1591.52,4,217,0.4351598450321855,1
17097,2011-09-10 12:50:00,Spain,4,351.89,9,339,0.4351351217844416,1
12450,2011-09-10 12:50:00,Spain,2,197.88,65,383,0.4350374997047487,1
12461,2011-09-10 12:50:00,Switzerland,2,826.88,3,64,0.43503086827549614,1
14976,2011-09-10 12:50:00,United Kingdom,2,288.44,10,236,0.4349332985836955,1
14988,2011-09-10 12:50:00,United Kingdom,1,334.54,121,511,0.43458846468037554,1
17289,2011-09-10 12:50:00,United Kingdom,1,164.45,89,550,0.4340304349467172,1
17926,2011-09-10 12:50:00,United Kingdom,2,397.29,42,488,0.4338860900044922,1
14691,2011-09-10 12:50:00,United Kingdom,2,1274.68,6,122,0.43378132675659353,1
17653,2011-09-10 12:50:00,United Kingdom,2,343.34000000000003,9,29,0.43375002694525355,1
12891,2011-09-10 12:50:00,United Kingdom,2,289.0,95,568,0.43361045587371233,1
17604,2011-09-10 12:50:00,United Kingdom,1,173.12,126,591,0.43359966421415125,1
14651,2011-09-10 12:50:00,United Kingdom,1,415.47,120,541,0.4334397513182163,1
17584,2011-09-10 12:50:00,United Kingdom,1,749.45,36,593,0.4332722762352982,1
15747,2011-09-10 12:50:00,United Kingdom,2,525.37,29,600,0.4332323170654065,1
13823,2011-09-10 12:50:00,United Kingdom,1,650.42,1,633,0.43316154391402334,1
12601,2011-09-10 12:50:00,Germany,3,319.7,99,314,0.43311333821751563,1
17375,2011-09-10 12:50:00,United Kingdom,1,113.73,108,341,0.4330560339017585,1
12908,2011-09-10 12:50:00,United Kingdom,1,432.0,85,539,0.43287936830895074,1
17591,2011-09-10 12:50:00,United Kingdom,3,995.46,31,600,0.4327084759987325,1
16612,2011-09-10 12:50:00,United Kingdom,2,590.25,28,645,0.43260642022657064,1
15079,2011-09-10 12:50:00,United Kingdom,2,386.37,122,641,0.43253840395956045,1
15051,2011-09-10 12:50:00,United Kingdom,1,377.74,59,647,0.43226115435506185,1
15885,2011-09-10 12:50:00,United Kingdom,2,364.35,2,597,0.43183065732848025,1
12593,2011-09-10 12:50:00,France,3,418.1,18,128,0.43177616473071717,1
16794,2011-09-10 12:50:00,United Kingdom,4,607.05,17,533,0.4315343207792649,1
12468,2011-09-10 12:50:00,Germany,1,508.95000000000005,97,592,0.43125778378560264,1
16173,2011-09-10 12:50:00,United Kingdom,2,635.05,1,7,0.431242418304001,1
13564,2011-09-10 12:50:00,United Kingdom,1,550.64,53,647,0.4311626772068796,1
16102,2011-09-10 12:50:00,United Kingdom,2,1392.8400000000001,8,38,0.43110616360112297,1
17828,2011-09-10 12:50:00,Malta,3,1076.6599999999999,19,94,0.43104463598993703,1
14276,2011-09-10 12:50:00,United Kingdom,2,778.54,8,569,0.43044589010009154,1
13249,2011-09-10 12:50:00,United Kingdom,3,711.4100000000001,1,594,0.4304185287887021,1
15449,2011-09-10 12:50:00,United Kingdom,2,647.7,94,171,0.4301783050913985,1
17905,2011-09-10 12:50:00,United Kingdom,1,224.84,66,589,0.42972400033686153,1
15653,2011-09-10 12:50:00,United Kingdom,2,877.4399999999999,2,25,0.42923092577389693,1
15133,2011-09-10 12:50:00,United Kingdom,2,649.22,37,430,0.42917334441753885,1
16949,2011-09-10 12:50:00,United Kingdom,3,819.3299999999999,95,226,0.4290933981387397,1
14264,2011-09-10 12:50:00,United Kingdom,2,333.97,64,520,0.42899272000728206,1
14828,2011-09-10 12:50:00,United Kingdom,2,1557.7600000000002,106,642,0.42805283140882866,1
13240,2011-09-10 12:50:00,United Kingdom,3,439.58000000000004,5,561,0.4273979306511857,1
17409,2011-09-10 12:50:00,United Kingdom,2,771.85,94,638,0.4271838149328516,1
16283,2011-09-10 12:50:00,United Kingdom,3,586.35,30,558,0.4271442670904214,1
16496,2011-09-10 12:50:00,United Kingdom,1,448.34,117,418,0.42672224523283425,1
16837,2011-09-10 12:50:00,United Kingdom,9,1911.7400000000002,67,155,0.42668385893544764,1
12624,2011-09-10 12:50:00,France,2,641.13,15,87,0.42631401266186797,1
16801,2011-09-10 12:50:00,United Kingdom,3,842.33,72,182,0.4259454670889428,1
14044,2011-09-10 12:50:00,United Kingdom,2,365.27,12,593,0.42537160595140616,1
17228,2011-09-10 12:50:00,United Kingdom,1,208.2,117,547,0.4251442932942801,1
13414,2011-09-10 12:50:00,United Kingdom,2,1000.5,43,512,0.4249611425556968,1
14116,2011-09-10 12:50:00,United Kingdom,2,628.87,2,31,0.42479111047418117,1
14047,2011-09-10 12:50:00,United Kingdom,1,339.7,109,586,0.4243329280509259,1
15669,2011-09-10 12:50:00,United Kingdom,3,565.54,13,173,0.4241531110812213,1
15407,2011-09-10 12:50:00,United Kingdom,2,575.73,93,214,0.42388246807719365,1
12828,2011-09-10 12:50:00,United Kingdom,3,415.51,8,39,0.4237995058308762,1
16906,2011-09-10 12:50:00,United Kingdom,3,392.99,96,484,0.4237510154551671,1
17351,2011-09-10 12:50:00,United Kingdom,1,228.7,78,638,0.42359861165416923,1
12372,2011-09-10 12:50:00,Denmark,1,515.7,122,206,0.42358604604019673,1
13764,2011-09-10 12:50:00,United Kingdom,1,443.40000000000003,53,551,0.4234821708263827,1
17463,2011-09-10 12:50:00,United Kingdom,2,536.13,85,498,0.42346233998394517,1
14195,2011-09-10 12:50:00,United Kingdom,2,1012.0,111,543,0.42335495531239364,1
13211,2011-09-10 12:50:00,United Kingdom,1,673.94,4,642,0.4231201442453727,1
16809,2011-09-10 12:50:00,United Kingdom,3,470.69,45,514,0.42310409586734105,1
16395,2011-09-10 12:50:00,United Kingdom,1,513.74,77,643,0.4230322906062002,1
17027,2011-09-10 12:50:00,United Kingdom,1,212.0,88,639,0.422720977718882,1
12993,2011-09-10 12:50:00,United Kingdom,2,269.5,30,569,0.42252988061787655,1
16235,2011-09-10 12:50:00,United Kingdom,1,320.83,96,380,0.4224809804019402,1
15214,2011-09-10 12:50:00,United Kingdom,2,651.6300000000001,93,152,0.4218826879456507,1
14111,2011-09-10 12:50:00,United Kingdom,3,295.5,5,151,0.4214499873778102,1
16750,2011-09-10 12:50:00,United Kingdom,3,416.12,30,141,0.42113854481427354,1
12456,2011-09-10 12:50:00,Switzerland,2,2265.4,40,164,0.4206341110424087,1
16554,2011-09-10 12:50:00,United Kingdom,1,313.26,131,634,0.42057581371285213,1
12716,2011-09-10 12:50:00,France,1,677.9,42,42,0.42051308689173555,1
14511,2011-09-10 12:50:00,United Kingdom,2,329.89,1,43,0.4204933418154559,1
14930,2011-09-10 12:50:00,Channel Islands,2,1258.8300000000002,18,516,0.4201862508945809,1
18062,2011-09-10 12:50:00,United Kingdom,2,550.72,82,507,0.4200970398125112,1
14441,2011-09-10 12:50:00,United Kingdom,2,697.4000000000001,4,600,0.4198864179296035,1
16682,2011-09-10 12:50:00,United Kingdom,3,810.22,1,97,0.4198458856539184,1
15514,2011-09-10 12:50:00,United Kingdom,1,385.2,135,644,0.4198144937261897,1
15116,2011-09-10 12:50:00,United Kingdom,2,790.97,44,114,0.4197877265921814,1
15235,2011-09-10 12:50:00,United Kingdom,3,786.5699999999999,127,298,0.4192591476773274,1
16938,2011-09-10 12:50:00,United Kingdom,2,2118.4500000000003,89,569,0.4192431272675135,1
16891,2011-09-10 12:50:00,United Kingdom,2,298.53,5,645,0.4191908604037847,1
13485,2011-09-10 12:50:00,United Kingdom,1,454.24,142,645,0.41910334337941135,1
15062,2011-09-10 12:50:00,United Kingdom,1,353.06,127,519,0.41874104158635717,1
13982,2011-09-10 12:50:00,United Kingdom,1,326.34,72,597,0.41871581676352015,1
16755,2011-09-10 12:50:00,United Kingdom,2,1159.37,23,639,0.418639027603849,1
12609,2011-09-10 12:50:00,Germany,1,512.8,95,628,0.4185664407381745,1
16551,2011-09-10 12:50:00,United Kingdom,2,611.05,5,635,0.4181787573215835,1
16681,2011-09-10 12:50:00,United Kingdom,4,1332.6799999999998,54,550,0.4179316606507424,1
14916,2011-09-10 12:50:00,United Kingdom,2,672.71,3,527,0.4173194546936195,1
14163,2011-09-10 12:50:00,United Kingdom,3,1659.39,61,371,0.4172420407566073,1
14905,2011-09-10 12:50:00,United Kingdom,2,616.1500000000001,67,645,0.4169529646686152,1
17227,2011-09-10 12:50:00,United Kingdom,2,331.5,82,602,0.41691427920436314,1
15618,2011-09-10 12:50:00,United Kingdom,3,419.041,1,46,0.4168060939470429,1
15561,2011-09-10 12:50:00,United Kingdom,3,449.67,59,573,0.41670188583258055,1
12615,2011-09-10 12:50:00,France,1,634.74,77,540,0.4166902457061038,1
16871,2011-09-10 12:50:00,United Kingdom,3,1502.8,120,180,0.41647973426439383,1
15623,2011-09-10 12:50:00,United Kingdom,1,301.03,50,638,0.4162518152931812,1
12451,2011-09-10 12:50:00,Switzerland,1,2388.31,127,438,0.4161190240267776,1
13357,2011-09-10 12:50:00,United Kingdom,1,609.4,166,536,0.41606172453902845,1
13005,2011-09-10 12:50:00,United Kingdom,2,513.7,83,366,0.4158963413610672,1
17449,2011-09-10 12:50:00,United Kingdom,2,474.95000000000005,4,639,0.4158276478788403,1
13848,2011-09-10 12:50:00,United Kingdom,1,320.0,1,639,0.4157239712207315,1
18150,2011-09-10 12:50:00,United Kingdom,2,413.28,49,111,0.4155824483314362,1
16654,2011-09-10 12:50:00,United Kingdom,3,373.87,50,521,0.4152612277775016,1
18170,2011-09-10 12:50:00,United Kingdom,2,655.51,21,609,0.4152163595416708,1
14129,2011-09-10 12:50:00,United Kingdom,3,726.23,5,488,0.41505303121645376,1
13637,2011-09-10 12:50:00,United Kingdom,2,678.65,96,135,0.4149440319718227,1
16859,2011-09-10 12:50:00,United Kingdom,2,747.81,54,555,0.4147320193863215,1
13126,2011-09-10 12:50:00,United Kingdom,1,320.17,162,557,0.4142309791334516,1
15980,2011-09-10 12:50:00,United Kingdom,1,760.18,163,465,0.4141238093630453,1
17373,2011-09-10 12:50:00,United Kingdom,1,142.05,43,558,0.41407822304333525,1
12997,2011-09-10 12:50:00,United Kingdom,1,302.92,145,522,0.4133365761490176,1
16676,2011-09-10 12:50:00,United Kingdom,2,633.6800000000001,122,327,0.41292931634031915,1
16905,2011-09-10 12:50:00,United Kingdom,2,567.78,146,638,0.41279794159715183,1
14738,2011-09-10 12:50:00,United Kingdom,4,552.88,43,642,0.41277167525071506,1
14583,2011-09-10 12:50:00,United Kingdom,4,741.72,53,530,0.4127390155571884,1
16398,2011-09-10 12:50:00,United Kingdom,2,1705.8000000000002,63,163,0.4126802884516573,1
13524,2011-09-10 12:50:00,United Kingdom,3,408.86000000000007,11,129,0.41249686450057366,1
17646,2011-09-10 12:50:00,United Kingdom,1,411.54,128,633,0.412454599909395,1
13242,2011-09-10 12:50:00,United Kingdom,3,270.4,21,577,0.4123884820938481,1
13324,2011-09-10 12:50:00,United Kingdom,5,2688.39,112,473,0.4123254266054802,1
17988,2011-09-10 12:50:00,United Kingdom,4,81.01,26,641,0.41209933938287796,1
17146,2011-09-10 12:50:00,United Kingdom,2,451.53,15,585,0.41209185049884617,1
18263,2011-09-10 12:50:00,United Kingdom,2,811.4,65,162,0.4117784100492083,1
17288,2011-09-10 12:50:00,United Kingdom,2,373.18,116,303,0.4116818351706995,1
14512,2011-09-10 12:50:00,United Kingdom,2,275.28,97,641,0.4114215128497362,1
12359,2011-09-10 12:50:00,Cyprus,1,1109.32,99,643,0.4113889980690775,1
18116,2011-09-10 12:50:00,United Kingdom,3,416.23,143,320,0.4112393472764774,1
17229,2011-09-10 12:50:00,United Kingdom,2,318.76,5,52,0.4111951313599814,1
17345,2011-09-10 12:50:00,United Kingdom,3,281.18,2,647,0.41099394434102526,1
14403,2011-09-10 12:50:00,United Kingdom,4,1475.81,39,548,0.4104947161241477,1
14794,2011-09-10 12:50:00,United Kingdom,3,500.43999999999994,113,396,0.4101191434245932,1
12539,2011-09-10 12:50:00,Spain,1,1085.99,171,625,0.40990461299922065,1
15411,2011-09-10 12:50:00,United Kingdom,2,382.21000000000004,33,92,0.40989584319919914,1
12976,2011-09-10 12:50:00,United Kingdom,1,738.6,121,574,0.40950176477657396,1
15756,2011-09-10 12:50:00,United Kingdom,3,359.89,62,158,0.40943593572098125,1
16644,2011-09-10 12:50:00,United Kingdom,2,833.78,87,121,0.4091034302595703,1
13611,2011-09-10 12:50:00,United Kingdom,1,333.57,80,646,0.40880109391135255,1
16279,2011-09-10 12:50:00,United Kingdom,1,359.08000000000004,86,505,0.4087717722581045,1
16214,2011-09-10 12:50:00,United Kingdom,3,1062.75,80,344,0.40870791905980336,1
12528,2011-09-10 12:50:00,Germany,2,515.71,24,222,0.4086773002705291,1
13851,2011-09-10 12:50:00,United Kingdom,2,2405.1400000000003,5,589,0.4081803327005863,1
17819,2011-09-10 12:50:00,United Kingdom,3,1632.35,92,635,0.40786333432710964,1
12576,2011-09-10 12:50:00,Poland,3,669.7,5,435,0.40727518711137517,1
14001,2011-09-10 12:50:00,United Kingdom,1,1007.9,142,403,0.40679445589754,1
16948,2011-09-10 12:50:00,United Kingdom,2,365.41999999999996,48,565,0.40619788749163976,1
17252,2011-09-10 12:50:00,United Kingdom,2,348.90999999999997,26,95,0.4059273661220286,1
14493,2011-09-10 12:50:00,United Kingdom,1,611.22,64,551,0.40582965935515675,1
16419,2011-09-10 12:50:00,United Kingdom,4,441.78,22,577,0.4056379199039208,1
15416,2011-09-10 12:50:00,United Kingdom,2,1769.0900000000001,64,586,0.4052914351268435,1
15201,2011-09-10 12:50:00,United Kingdom,4,933.2600000000001,35,520,0.40517489774118176,1
15434,2011-09-10 12:50:00,United Kingdom,3,587.28,16,593,0.4050969738644457,1
14973,2011-09-10 12:50:00,United Kingdom,3,1314.45,16,135,0.4050915471638665,1
16400,2011-09-10 12:50:00,United Kingdom,1,303.93,4,641,0.4048075892223709,1
13486,2011-09-10 12:50:00,United Kingdom,2,819.6099999999999,37,64,0.4047772083327267,1
17560,2011-09-10 12:50:00,United Kingdom,3,692.85,4,570,0.4045855105154486,1
14857,2011-09-10 12:50:00,United Kingdom,1,522.52,57,544,0.4045336897945774,1
13475,2011-09-10 12:50:00,United Kingdom,3,1114.6599999999999,100,208,0.40451419550458295,1
14770,2011-09-10 12:50:00,United Kingdom,1,597.8199999999999,141,561,0.404463356582538,1
12635,2011-09-10 12:50:00,Germany,1,683.64,64,366,0.4042961481115629,1
17515,2011-09-10 12:50:00,United Kingdom,2,339.89,115,459,0.404287450325896,1
16317,2011-09-10 12:50:00,United Kingdom,2,770.89,29,494,0.4041871693151063,1
17362,2011-09-10 12:50:00,United Kingdom,1,162.23000000000002,148,612,0.40388776695094986,1
16086,2011-09-10 12:50:00,United Kingdom,2,621.25,7,646,0.4038282161236458,1
13134,2011-09-10 12:50:00,United Kingdom,3,885.74,93,325,0.4036669930068421,1
17398,2011-09-10 12:50:00,United Kingdom,3,653.38,24,164,0.40348887508309483,1
16083,2011-09-10 12:50:00,United Kingdom,1,979.64,10,298,0.4034859577782031,1
15864,2011-09-10 12:50:00,United Kingdom,2,715.44,8,290,0.4032394438577116,1
14963,2011-09-10 12:50:00,United Kingdom,1,294.2,93,435,0.40265577405525765,1
14507,2011-09-10 12:50:00,United Kingdom,2,545.84,10,638,0.4025031208364061,1
14621,2011-09-10 12:50:00,United Kingdom,2,697.21,66,593,0.40242712481965526,1
14901,2011-09-10 12:50:00,United Kingdom,2,325.07,11,408,0.40230469325919793,1
14609,2011-09-10 12:50:00,United Kingdom,2,342.36,52,578,0.402241603405721,1
15402,2011-09-10 12:50:00,United Kingdom,2,626.77,58,501,0.4020849797236028,1
15493,2011-09-10 12:50:00,United Kingdom,2,772.04,59,564,0.40168471550530105,1
17164,2011-09-10 12:50:00,United Kingdom,2,643.29,61,182,0.40150021712914624,1
13951,2011-09-10 12:50:00,United Kingdom,2,461.89,85,203,0.40141752208653164,1
17454,2011-09-10 12:50:00,United Kingdom,2,219.43,101,602,0.40118949791264,1
16950,2011-09-10 12:50:00,United Kingdom,1,606.41,33,594,0.4009262227489656,1
13316,2011-09-10 12:50:00,United Kingdom,2,3535.1800000000003,41,549,0.40052571516488056,1
17045,2011-09-10 12:50:00,United Kingdom,3,339.44,22,338,0.40046383918165984,1
15132,2011-09-10 12:50:00,United Kingdom,3,842.23,15,172,0.4003353768810218,1
14083,2011-09-10 12:50:00,United Kingdom,3,74.63,35,631,0.4003096408142292,1
16224,2011-09-10 12:50:00,United Kingdom,3,865.8800000000001,50,296,0.4001346614714517,1
14450,2011-09-10 12:50:00,United Kingdom,2,322.22,90,520,0.40005509839182984,1
15841,2011-09-10 12:50:00,United Kingdom,1,281.66,127,639,0.39991445350883487,1
15238,2011-09-10 12:50:00,United Kingdom,2,772.78,4,93,0.3998235873563401,1
12948,2011-09-10 12:50:00,United Kingdom,4,1423.96,14,647,0.3993941517072279,1
14231,2011-09-10 12:50:00,United Kingdom,2,616.76,93,360,0.399116113791704,1
17063,2011-09-10 12:50:00,United Kingdom,2,352.5,72,648,0.3986134916659756,1
12649,2011-09-10 12:50:00,Germany,3,623.51,16,605,0.3986046216574862,1
16470,2011-09-10 12:50:00,United Kingdom,2,322.78999999999996,25,638,0.39857239754335555,1
13856,2011-09-10 12:50:00,United Kingdom,3,388.5,78,528,0.39843500337969423,1
13988,2011-09-10 12:50:00,United Kingdom,3,1923.5,72,535,0.39821398530958824,1
15701,2011-09-10 12:50:00,United Kingdom,1,853.9,20,20,0.3979453544109237,1
16709,2011-09-10 12:50:00,United Kingdom,3,864.06,109,639,0.39750855828640425,1
17107,2011-09-10 12:50:00,United Kingdom,2,4637.4,64,586,0.39750487233183557,1
12610,2011-09-10 12:50:00,Italy,2,1256.25,15,35,0.397474797645485,1
16929,2011-09-10 12:50:00,United Kingdom,2,428.88,37,65,0.3971366665918055,1
13448,2011-09-10 12:50:00,United Kingdom,1,593.72,128,643,0.3970919317956557,1
18036,2011-09-10 12:50:00,United Kingdom,2,253.69,14,631,0.3967153163163312,1
17937,2011-09-10 12:50:00,United Kingdom,2,920.6400000000001,24,271,0.39662437039445514,1
16572,2011-09-10 12:50:00,United Kingdom,2,667.02,36,185,0.39656469333195116,1
14198,2011-09-10 12:50:00,United Kingdom,2,356.95000000000005,54,613,0.3965509358801487,1
15861,2011-09-10 12:50:00,United Kingdom,3,1123.76,44,589,0.39595344501048935,1
15665,2011-09-10 12:50:00,United Kingdom,2,2222.21,77,544,0.3952360632913894,1
15646,2011-09-10 12:50:00,United Kingdom,2,257.84000000000003,67,319,0.3944121457320747,1
12397,2011-09-10 12:50:00,Belgium,1,1214.81,44,44,0.3943463509504523,1
13983,2011-09-10 12:50:00,United Kingdom,4,731.12,96,639,0.39427635258176563,1
16203,2011-09-10 12:50:00,United Kingdom,2,207.6,57,413,0.39427597665111264,1
13888,2011-09-10 12:50:00,United Kingdom,2,595.6700000000001,29,485,0.39399555790600943,1
17671,2011-09-10 12:50:00,United Kingdom,2,704.3699999999999,67,285,0.39388408685452364,1
16817,2011-09-10 12:50:00,United Kingdom,4,670.6800000000001,95,341,0.3936042880059014,1
14533,2011-09-10 12:50:00,United Kingdom,1,301.48,22,520,0.39345275014572434,1
14442,2011-09-10 12:50:00,Channel Islands,1,914.24,114,599,0.3932686625723045,1
17979,2011-09-10 12:50:00,United Kingdom,3,494.54,78,169,0.39302689370826066,1
12757,2011-09-10 12:50:00,Portugal,7,5281.08,52,120,0.3925540747825711,1
17175,2011-09-10 12:50:00,United Kingdom,2,613.55,50,205,0.3923124185009001,1
13461,2011-09-10 12:50:00,United Kingdom,2,884.2,48,506,0.39220588466015843,1
15073,2011-09-10 12:50:00,United Kingdom,2,861.96,95,591,0.39216952611824313,1
16842,2011-09-10 12:50:00,United Kingdom,2,743.62,10,211,0.39212589311064633,1
15550,2011-09-10 12:50:00,United Kingdom,2,295.38,15,645,0.39200490422326006,1
13659,2011-09-10 12:50:00,United Kingdom,1,527.8,115,570,0.3919669311910055,1
15104,2011-09-10 12:50:00,United Kingdom,1,618.9,106,191,0.39189628130819726,1
16706,2011-09-10 12:50:00,United Kingdom,2,411.54999999999995,7,23,0.39181001720299796,1
15903,2011-09-10 12:50:00,United Kingdom,1,480.36,137,604,0.39082273063665035,1
12560,2011-09-10 12:50:00,Germany,2,1436.31,21,52,0.3906940472902596,1
12584,2011-09-10 12:50:00,Italy,3,318.96000000000004,36,189,0.3903026018831639,1
13644,2011-09-10 12:50:00,United Kingdom,1,851.09,15,15,0.39027131500239337,1
15976,2011-09-10 12:50:00,United Kingdom,2,427.64,74,460,0.38964810776681275,0
13397,2011-09-10 12:50:00,United Kingdom,2,626.42,20,598,0.38914476397719117,0
13320,2011-09-10 12:50:00,United Kingdom,3,981.1500000000001,16,388,0.38894408923330737,0
18221,2011-09-10 12:50:00,United Kingdom,3,706.86,25,299,0.3888444016865487,0
17126,2011-09-10 12:50:00,United Kingdom,3,487.78,61,374,0.3887950882062168,0
17265,2011-09-10 12:50:00,United Kingdom,2,550.01,48,90,0.38734800214940657,0
12399,2011-09-10 12:50:00,Belgium,4,1108.65,28,554,0.3871285507595087,0
17268,2011-09-10 12:50:00,United Kingdom,4,763.64,17,641,0.38709641937047046,0
13748,2011-09-10 12:50:00,United Kingdom,4,744.25,5,647,0.386923716887868,0
16394,2011-09-10 12:50:00,United Kingdom,2,620.69,80,199,0.3868522625822026,0
12510,2011-09-10 12:50:00,Spain,1,301.52,52,644,0.3868418842098674,0
16174,2011-09-10 12:50:00,United Kingdom,3,1009.55,35,512,0.3866048277534681,0
16348,2011-09-10 12:50:00,United Kingdom,4,738.29,37,339,0.3862705779295966,0
17429,2011-09-10 12:50:00,United Kingdom,3,524.9200000000001,37,339,0.38600183726384496,0
13139,2011-09-10 12:50:00,United Kingdom,3,1710.94,19,347,0.3858763952214871,0
14021,2011-09-10 12:50:00,United Kingdom,3,631.9,64,502,0.3854897444353417,0
15696,2011-09-10 12:50:00,United Kingdom,2,630.39,130,593,0.3845034178837769,0
14321,2011-09-10 12:50:00,United Kingdom,2,573.83,26,382,0.38448161710786183,0
14625,2011-09-10 12:50:00,United Kingdom,1,314.1,105,632,0.3842065012339864,0
15306,2011-09-10 12:50:00,United Kingdom,2,657.0699999999999,2,568,0.3838500126861744,0
12380,2011-09-10 12:50:00,Belgium,1,607.5500000000001,95,572,0.3834355231684006,0
15910,2011-09-10 12:50:00,United Kingdom,3,352.46000000000004,8,597,0.3831419001863717,0
16883,2011-09-10 12:50:00,United Kingdom,1,144.45,96,645,0.383115485516463,0
16320,2011-09-10 12:50:00,Unspecified,2,1038.46,81,590,0.3830559106916476,0
13940,2011-09-10 12:50:00,United Kingdom,2,391.06,26,53,0.383035781221705,0
12573,2011-09-10 12:50:00,France,1,160.54000000000002,136,374,0.38282761285078093,0
17615,2011-09-10 12:50:00,United Kingdom,3,329.6,39,394,0.38259929164082435,0
13107,2011-09-10 12:50:00,United Kingdom,1,368.38,85,583,0.38225688971043026,0
17396,2011-09-10 12:50:00,United Kingdom,5,4404.299999999999,58,350,0.3822426506675298,0
14623,2011-09-10 12:50:00,United Kingdom,3,606.1600000000001,25,511,0.3819095319363943,0
12697,2011-09-10 12:50:00,Sweden,2,733.91,40,78,0.3818835039289873,0
13186,2011-09-10 12:50:00,United Kingdom,2,1301.94,3,38,0.38181696419324257,0
13662,2011-09-10 12:50:00,United Kingdom,2,516.44,121,567,0.38175647899709303,0
17692,2011-09-10 12:50:00,United Kingdom,2,286.98,36,450,0.38122061925166245,0
16206,2011-09-10 12:50:00,United Kingdom,2,248.56,34,593,0.38106108251920345,0
14465,2011-09-10 12:50:00,United Kingdom,2,441.14,156,610,0.38098392150873023,0
15549,2011-09-10 12:50:00,United Kingdom,1,689.58,67,606,0.3807217086158502,0
13717,2011-09-10 12:50:00,United Kingdom,3,657.94,38,395,0.3806124898282555,0
15232,2011-09-10 12:50:00,United Kingdom,2,612.06,22,50,0.38048998029743536,0
12823,2011-09-10 12:50:00,United Kingdom,2,688.5,36,588,0.3803656813335658,0
15421,2011-09-10 12:50:00,United Kingdom,2,444.3,124,641,0.3801869090629229,0
15199,2011-09-10 12:50:00,United Kingdom,2,614.65,4,485,0.3789046395833418,0
14824,2011-09-10 12:50:00,United Kingdom,1,441.91,0,546,0.37853691534288314,0
14546,2011-09-10 12:50:00,United Kingdom,2,874.88,111,642,0.3778026046142471,0
12939,2011-09-10 12:50:00,United Kingdom,1,761.76,47,606,0.3769813970038304,0
14360,2011-09-10 12:50:00,United Kingdom,1,1124.49,4,4,0.37696217967130785,0
13655,2011-09-10 12:50:00,United Kingdom,2,932.97,23,501,0.3768478117472464,0
17323,2011-09-10 12:50:00,United Kingdom,3,389.26,34,608,0.37681689910441196,0
15365,2011-09-10 12:50:00,United Kingdom,1,752.6700000000001,5,582,0.3766929228472991,0
15480,2011-09-10 12:50:00,Malta,1,905.5,25,585,0.37600663471452356,0
12722,2011-09-10 12:50:00,France,3,929.6500000000001,24,60,0.37597588956279165,0
16455,2011-09-10 12:50:00,United Kingdom,3,791.4,4,529,0.37560065088392586,0
15312,2011-09-10 12:50:00,United Kingdom,2,505.05999999999995,12,633,0.37534498595024224,0
14045,2011-09-10 12:50:00,United Kingdom,1,408.0,18,610,0.3750792767009139,0
17572,2011-09-10 12:50:00,United Kingdom,2,125.2,9,634,0.37507222938318596,0
17929,2011-09-10 12:50:00,United Kingdom,2,510.79999999999995,22,640,0.3744101534345678,0
18177,2011-09-10 12:50:00,United Kingdom,5,1037.27,67,633,0.3739718474426858,0
16807,2011-09-10 12:50:00,United Kingdom,2,750.36,52,532,0.3738402233640226,0
12802,2011-09-10 12:50:00,Netherlands,1,427.58,96,473,0.3738300290464873,0
15329,2011-09-10 12:50:00,United Kingdom,2,754.0,43,635,0.3733613565790647,0
14460,2011-09-10 12:50:00,United Kingdom,2,404.34,19,633,0.3731456275590108,0
12645,2011-09-10 12:50:00,Germany,2,941.5600000000001,19,578,0.3727610648811666,0
15750,2011-09-10 12:50:00,United Kingdom,1,497.26,80,647,0.372730434183044,0
16200,2011-09-10 12:50:00,United Kingdom,1,550.57,73,646,0.37270546048190506,0
17388,2011-09-10 12:50:00,United Kingdom,2,571.4300000000001,41,639,0.37212230874875324,0
18145,2011-09-10 12:50:00,United Kingdom,1,414.77,114,641,0.37208573509783294,0
13159,2011-09-10 12:50:00,United Kingdom,2,843.09,15,25,0.37190765914195784,0
17869,2011-09-10 12:50:00,United Kingdom,4,213.86,16,456,0.37163167635260796,0
18143,2011-09-10 12:50:00,United Kingdom,2,1000.1600000000001,26,51,0.371499321026986,0
12455,2011-09-10 12:50:00,Spain,3,477.46,37,631,0.37145456714231895,0
15002,2011-09-10 12:50:00,United Kingdom,1,494.17,25,606,0.37124618191866277,0
15862,2011-09-10 12:50:00,United Kingdom,2,305.5,21,632,0.3710491840528116,0
12360,2011-09-10 12:50:00,Austria,2,1618.28,22,565,0.37090290409217935,0
15304,2011-09-10 12:50:00,United Kingdom,4,263.3,74,331,0.3705524906085001,0
18161,2011-09-10 12:50:00,United Kingdom,2,469.73,49,288,0.3703223045910405,0
12815,2011-09-10 12:50:00,Poland,2,1063.46,57,107,0.37012059243527,0
16007,2011-09-10 12:50:00,United Kingdom,2,727.6700000000001,90,452,0.369993828068928,0
16748,2011-09-10 12:50:00,United Kingdom,1,300.4,127,639,0.36993747229232143,0
12753,2011-09-10 12:50:00,Japan,2,7279.780000000001,45,272,0.3698819089335067,0
17966,2011-09-10 12:50:00,United Kingdom,4,594.43,60,599,0.36945583799385173,0
17867,2011-09-10 12:50:00,United Kingdom,3,931.9800000000001,53,646,0.36934784402503806,0
16232,2011-09-10 12:50:00,United Kingdom,3,725.04,52,459,0.3692757768594874,0
17058,2011-09-10 12:50:00,United Kingdom,2,819.6600000000001,108,149,0.3691431366049532,0
17522,2011-09-10 12:50:00,United Kingdom,4,912.2500000000001,48,127,0.3684767200351212,0
13636,2011-09-10 12:50:00,United Kingdom,3,492.05,31,194,0.368366571760937,0
14639,2011-09-10 12:50:00,United Kingdom,2,754.1,29,571,0.36830519196524375,0
16057,2011-09-10 12:50:00,United Kingdom,5,860.25,5,610,0.367505261571531,0
14841,2011-09-10 12:50:00,United Kingdom,1,593.72,88,646,0.36740282712126415,0
14223,2011-09-10 12:50:00,United Kingdom,3,991.13,1,173,0.36733619866963224,0
13510,2011-09-10 12:50:00,United Kingdom,2,897.81,4,628,0.36663319268974615,0
14741,2011-09-10 12:50:00,United Kingdom,2,369.66,22,327,0.36656476571148294,0
14127,2011-09-10 12:50:00,United Kingdom,2,395.08000000000004,32,335,0.36618811780123384,0
13929,2011-09-10 12:50:00,United Kingdom,1,429.79999999999995,78,604,0.36604120451801564,0
13908,2011-09-10 12:50:00,United Kingdom,2,965.61,36,186,0.36591175264101383,0
12557,2011-09-10 12:50:00,Spain,2,4963.84,67,632,0.3659040465007274,0
16128,2011-09-10 12:50:00,United Kingdom,1,306.4,53,420,0.36581137444850675,0
14573,2011-09-10 12:50:00,United Kingdom,6,934.7199999999999,89,609,0.3657902758844908,0
18239,2011-09-10 12:50:00,United Kingdom,2,643.0899999999999,128,332,0.36569864884496345,0
17588,2011-09-10 12:50:00,United Kingdom,3,1240.2,9,547,0.3653174045159261,0
12916,2011-09-10 12:50:00,United Kingdom,3,2137.9,48,594,0.36528839944134306,0
16992,2011-09-10 12:50:00,United Kingdom,2,550.75,8,576,0.3652415312310117,0
13012,2011-09-10 12:50:00,United Kingdom,3,635.04,58,501,0.36385329223076385,0
14146,2011-09-10 12:50:00,United Kingdom,1,662.3,164,604,0.36360153877094537,0
12909,2011-09-10 12:50:00,United Kingdom,3,1528.37,111,563,0.36354162000869344,0
12412,2011-09-10 12:50:00,Denmark,2,890.74,47,448,0.36346866060847577,0
15394,2011-09-10 12:50:00,United Kingdom,1,848.78,113,633,0.36318793332316396,0
13491,2011-09-10 12:50:00,United Kingdom,3,284.54,57,642,0.3624758732412082,0
16520,2011-09-10 12:50:00,United Kingdom,2,720.8100000000001,95,556,0.36217044679643284,0
13562,2011-09-10 12:50:00,United Kingdom,2,1209.73,50,603,0.3617856675620091,0
17774,2011-09-10 12:50:00,United Kingdom,3,993.74,6,578,0.36172040935286304,0
16308,2011-09-10 12:50:00,United Kingdom,3,1600.0,17,633,0.3616459356094018,0
14719,2011-09-10 12:50:00,United Kingdom,2,488.12,88,158,0.36131478282817975,0
16940,2011-09-10 12:50:00,United Kingdom,1,1110.68,78,640,0.3612633202049024,0
16488,2011-09-10 12:50:00,United Kingdom,2,354.57,24,58,0.3611445782624842,0
12449,2011-09-10 12:50:00,Belgium,3,2724.58,1,348,0.36080956279039034,0
13124,2011-09-10 12:50:00,United Kingdom,1,1260.15,161,294,0.35981894502760586,0
14515,2011-09-10 12:50:00,United Kingdom,2,765.65,100,460,0.35966279800948314,0
13110,2011-09-10 12:50:00,United Kingdom,3,502.0900000000001,46,647,0.35923660173586974,0
15985,2011-09-10 12:50:00,United Kingdom,2,1142.42,32,470,0.3592018342991311,0
14669,2011-09-10 12:50:00,United Kingdom,1,421.74,151,646,0.3591707901941657,0
16271,2011-09-10 12:50:00,United Kingdom,2,735.21,35,552,0.3590396642410794,0
13647,2011-09-10 12:50:00,United Kingdom,2,803.86,84,512,0.35850087980266043,0
12693,2011-09-10 12:50:00,Germany,3,693.86,36,431,0.3584612302428215,0
15569,2011-09-10 12:50:00,United Kingdom,4,1087.21,13,559,0.35798155206825477,0
17282,2011-09-10 12:50:00,United Kingdom,2,961.56,39,458,0.3578995841465728,0
13435,2011-09-10 12:50:00,United Kingdom,3,1088.12,19,409,0.3574305065260385,0
17337,2011-09-10 12:50:00,United Kingdom,3,991.6800000000001,60,219,0.35707712817077003,0
14952,2011-09-10 12:50:00,United Kingdom,4,1350.78,116,645,0.3569155096077398,0
13285,2011-09-10 12:50:00,United Kingdom,2,1303.21,70,533,0.35671343393159144,0
14346,2011-09-10 12:50:00,United Kingdom,1,759.14,30,407,0.35664513061825226,0
16225,2011-09-10 12:50:00,United Kingdom,2,537.03,59,580,0.3565992696289653,0
16012,2011-09-10 12:50:00,United Kingdom,2,1132.12,38,439,0.3565566989709088,0
17368,2011-09-10 12:50:00,United Kingdom,4,911.0699999999999,2,633,0.3564498850061091,0
16918,2011-09-10 12:50:00,United Kingdom,2,546.9200000000001,4,646,0.35635792941933037,0
15712,2011-09-10 12:50:00,United Kingdom,2,466.51,19,648,0.35625916072120123,0
18065,2011-09-10 12:50:00,United Kingdom,5,662.1,93,639,0.3562164470280292,0
17179,2011-09-10 12:50:00,United Kingdom,2,468.78999999999996,87,472,0.3559666842806032,0
14154,2011-09-10 12:50:00,United Kingdom,2,1345.62,148,605,0.3555291792647864,0
18248,2011-09-10 12:50:00,United Kingdom,2,804.02,32,95,0.3547288556048929,0
16744,2011-09-10 12:50:00,United Kingdom,3,399.11,6,82,0.3546777071261574,0
17083,2011-09-10 12:50:00,United Kingdom,1,409.76,18,578,0.3546574592935606,0
15370,2011-09-10 12:50:00,United Kingdom,2,759.24,50,320,0.3546308066564291,0
14145,2011-09-10 12:50:00,United Kingdom,3,2851.2,66,520,0.35449811119527513,0
12388,2011-09-10 12:50:00,Australia,1,902.09,57,491,0.35444585073573054,0
13555,2011-09-10 12:50:00,United Kingdom,2,1590.05,111,598,0.3541720507386002,0
17932,2011-09-10 12:50:00,United Kingdom,2,934.51,83,120,0.35408833233029136,0
14587,2011-09-10 12:50:00,United Kingdom,4,739.99,93,240,0.3533593365394479,0
16150,2011-09-10 12:50:00,United Kingdom,2,1015.28,38,631,0.3529521380788152,0
14312,2011-09-10 12:50:00,United Kingdom,2,453.16999999999996,0,413,0.3525468420397623,0
12759,2011-09-10 12:50:00,Netherlands,1,637.72,81,645,0.35229786428337045,0
15530,2011-09-10 12:50:00,United Kingdom,3,1163.69,59,422,0.35226264386881523,0
16016,2011-09-10 12:50:00,United Kingdom,3,428.04999999999995,105,311,0.3521107310028776,0
12775,2011-09-10 12:50:00,Netherlands,3,950.23,99,318,0.3514223818196335,0
17980,2011-09-10 12:50:00,United Kingdom,2,516.25,75,302,0.35081627593126713,0
13725,2011-09-10 12:50:00,United Kingdom,3,413.77,78,218,0.3507432606018987,0
17625,2011-09-10 12:50:00,United Kingdom,2,1227.13,49,634,0.3507167089759418,0
12362,2011-09-10 12:50:00,Belgium,3,1268.25,29,648,0.3506780089781258,0
14817,2011-09-10 12:50:00,United Kingdom,1,529.5500000000001,109,537,0.35054413411279306,0
15379,2011-09-10 12:50:00,United Kingdom,3,649.36,78,310,0.3502416662914212,0
13301,2011-09-10 12:50:00,United Kingdom,3,444.18,13,201,0.3498137242535207,0
14948,2011-09-10 12:50:00,United Kingdom,4,639.23,7,128,0.3497454374290848,0
15532,2011-09-10 12:50:00,United Kingdom,2,860.69,40,458,0.3495651005202526,0
14177,2011-09-10 12:50:00,United Kingdom,3,299.46000000000004,5,561,0.34955231330368014,0
13804,2011-09-10 12:50:00,United Kingdom,3,802.38,6,346,0.3494365461800926,0
12625,2011-09-10 12:50:00,Germany,1,967.2,121,506,0.3490659435387573,0
16327,2011-09-10 12:50:00,United Kingdom,2,1311.42,108,634,0.3489107837508872,0
15483,2011-09-10 12:50:00,United Kingdom,4,225.26,70,593,0.34880933974022016,0
12598,2011-09-10 12:50:00,France,3,863.52,71,558,0.3487947709720319,0
17386,2011-09-10 12:50:00,United Kingdom,5,1697.3400000000001,8,294,0.348037906336921,0
16175,2011-09-10 12:50:00,United Kingdom,4,1037.59,3,473,0.34781327890870234,0
15855,2011-09-10 12:50:00,United Kingdom,5,712.24,46,385,0.3475366731800233,0
12656,2011-09-10 12:50:00,France,3,2820.67,25,472,0.3474062127061082,0
17931,2011-09-10 12:50:00,United Kingdom,2,408.36,43,570,0.3473061822392233,0
13334,2011-09-10 12:50:00,United Kingdom,1,1071.4,100,562,0.34718673704677316,0
13538,2011-09-10 12:50:00,United Kingdom,4,486.45000000000005,3,585,0.34692501703314305,0
17769,2011-09-10 12:50:00,United Kingdom,2,941.12,48,599,0.3468179439948167,0
17554,2011-09-10 12:50:00,United Kingdom,2,1249.8899999999999,32,57,0.34677533690183127,0
15400,2011-09-10 12:50:00,United Kingdom,4,370.1,1,470,0.34669112328994034,0
12700,2011-09-10 12:50:00,France,2,2149.05,65,124,0.3465383722349013,0
13634,2011-09-10 12:50:00,United Kingdom,2,421.77000000000004,15,607,0.3463105718781659,0
15367,2011-09-10 12:50:00,United Kingdom,1,651.6,155,638,0.3462780714524309,0
16003,2011-09-10 12:50:00,United Kingdom,2,612.9000000000001,44,645,0.3459979024042393,0
13425,2011-09-10 12:50:00,United Kingdom,2,1222.64,17,488,0.34573086876154957,0
13117,2011-09-10 12:50:00,United Kingdom,3,251.24,31,532,0.3453838632182147,0
17802,2011-09-10 12:50:00,United Kingdom,1,532.22,89,635,0.34531004049713904,0
14482,2011-09-10 12:50:00,United Kingdom,2,465.95000000000005,8,379,0.34530186359887305,0
12517,2011-09-10 12:50:00,Germany,2,1521.45,35,99,0.3448435313601184,0
14867,2011-09-10 12:50:00,United Kingdom,2,409.53999999999996,95,643,0.3446611572273254,0
17092,2011-09-10 12:50:00,United Kingdom,1,494.42,35,584,0.3446207143983981,0
15938,2011-09-10 12:50:00,United Kingdom,4,329.68,21,466,0.34415351694098095,0
13617,2011-09-10 12:50:00,United Kingdom,2,365.7,22,404,0.34353886131279904,0
13048,2011-09-10 12:50:00,United Kingdom,2,880.94,23,590,0.3433551282341534,0
13632,2011-09-10 12:50:00,United Kingdom,3,812.26,83,521,0.3430859732119118,0
12744,2011-09-10 12:50:00,Singapore,4,12158.9,54,500,0.3423139898007363,0
13149,2011-09-10 12:50:00,United Kingdom,2,755.88,15,198,0.34181826767368884,0
17667,2011-09-10 12:50:00,United Kingdom,3,822.96,71,564,0.34152958707208847,0
18142,2011-09-10 12:50:00,United Kingdom,2,1019.52,66,125,0.34144274273109104,0
13118,2011-09-10 12:50:00,United Kingdom,2,608.77,117,348,0.341380001534577,0
15108,2011-09-10 12:50:00,European Community,4,1300.25,51,137,0.34121738058019924,0
15572,2011-09-10 12:50:00,United Kingdom,2,1106.88,19,513,0.34071580325585127,0
17213,2011-09-10 12:50:00,United Kingdom,2,843.0600000000001,50,634,0.3405815822954695,0
12684,2011-09-10 12:50:00,France,4,1379.48,80,122,0.34034386684279566,0
12726,2011-09-10 12:50:00,France,3,895.4599999999999,94,533,0.3402454230349786,0
15152,2011-09-10 12:50:00,United Kingdom,6,2383.21,22,610,0.3399817988285476,0
15829,2011-09-10 12:50:00,United Kingdom,2,636.14,8,50,0.33995604125064877,0
13158,2011-09-10 12:50:00,United Kingdom,3,944.6500000000001,4,297,0.3397780012596354,0
14409,2011-09-10 12:50:00,United Kingdom,2,1277.63,32,476,0.33918381016619636,0
17994,2011-09-10 12:50:00,United Kingdom,2,347.69,31,530,0.3384400631753841,0
12530,2011-09-10 12:50:00,Germany,2,834.25,33,551,0.33827220036612066,0
12473,2011-09-10 12:50:00,Germany,2,1175.75,24,101,0.3377912209712621,0
15660,2011-09-10 12:50:00,United Kingdom,4,520.04,45,581,0.3364578158469082,0
17460,2011-09-10 12:50:00,United Kingdom,3,418.63,3,595,0.3361911894045224,0
14565,2011-09-10 12:50:00,United Kingdom,3,1931.71,5,383,0.3361096722863035,0
14466,2011-09-10 12:50:00,United Kingdom,2,544.8,25,635,0.33541087723649443,0
14692,2011-09-10 12:50:00,United Kingdom,2,210.7,46,526,0.33532770367698617,0
17007,2011-09-10 12:50:00,United Kingdom,3,368.32,64,346,0.3345157764733896,0
15505,2011-09-10 12:50:00,United Kingdom,3,2091.1400000000003,23,64,0.33400085688477676,0
15228,2011-09-10 12:50:00,United Kingdom,2,1319.18,39,409,0.33333381152961583,0
14936,2011-09-10 12:50:00,Channel Islands,2,3496.5199999999995,18,493,0.3329284115085515,0
17293,2011-09-10 12:50:00,United Kingdom,3,397.68,28,645,0.33291896700459794,0
15182,2011-09-10 12:50:00,United Kingdom,2,622.85,63,566,0.332905604350484,0
15704,2011-09-10 12:50:00,United Kingdom,4,2293.62,49,492,0.3326386590608243,0
13752,2011-09-10 12:50:00,United Kingdom,6,1175.38,33,437,0.3316562998378514,0
16571,2011-09-10 12:50:00,United Kingdom,1,460.11,85,541,0.33153004948038833,0
14019,2011-09-10 12:50:00,United Kingdom,2,800.53,7,47,0.33098597511677863,0
12710,2011-09-10 12:50:00,Germany,3,1149.02,6,110,0.33078601793787965,0
14201,2011-09-10 12:50:00,United Kingdom,4,454.0,58,497,0.3301361511057263,0
12676,2011-09-10 12:50:00,Sweden,3,488.55,33,392,0.3296262609896737,0
16728,2011-09-10 12:50:00,United Kingdom,3,548.31,76,173,0.32875855197013143,0
13577,2011-09-10 12:50:00,United Kingdom,3,1193.8,2,634,0.32802728972504197,0
16515,2011-09-10 12:50:00,United Kingdom,3,927.5,1,450,0.32783653384919975,0
13722,2011-09-10 12:50:00,United Kingdom,2,911.94,41,555,0.3274726188566666,0
16966,2011-09-10 12:50:00,United Kingdom,4,1486.56,79,149,0.32730943717322275,0
15240,2011-09-10 12:50:00,United Kingdom,2,732.48,101,643,0.3270909345470745,0
17888,2011-09-10 12:50:00,United Kingdom,2,184.92000000000002,70,627,0.3269680975291887,0
13782,2011-09-10 12:50:00,United Kingdom,2,292.84999999999997,34,642,0.32690838840061004,0
15382,2011-09-10 12:50:00,United Kingdom,3,1107.7,94,644,0.32674727100023426,0
13709,2011-09-10 12:50:00,United Kingdom,4,2464.51,11,607,0.32655502199372943,0
14049,2011-09-10 12:50:00,United Kingdom,2,2216.66,68,526,0.3265271099076717,0
14855,2011-09-10 12:50:00,United Kingdom,2,645.6500000000001,28,520,0.32646134853945497,0
15834,2011-09-10 12:50:00,United Kingdom,1,510.45,75,333,0.32595022615023056,0
13931,2011-09-10 12:50:00,United Kingdom,1,859.32,5,646,0.3258981964958594,0
14535,2011-09-10 12:50:00,United Kingdom,2,1652.81,36,562,0.32559658611980746,0
16325,2011-09-10 12:50:00,United Kingdom,2,416.02000000000004,64,644,0.32529136576861734,0
16062,2011-09-10 12:50:00,United Kingdom,2,530.58,43,445,0.3251678436596622,0
16293,2011-09-10 12:50:00,United Kingdom,5,1075.58,1,638,0.32513164034628406,0
17673,2011-09-10 12:50:00,United Kingdom,3,773.2,71,539,0.32496480280536355,0
18069,2011-09-10 12:50:00,United Kingdom,2,691.21,89,558,0.32490221174378037,0
12727,2011-09-10 12:50:00,France,2,1330.38,4,564,0.32489487333309575,0
14472,2011-09-10 12:50:00,United Kingdom,5,908.48,13,598,0.3241450280669746,0
16549,2011-09-10 12:50:00,United Kingdom,1,660.87,33,530,0.32391691389628446,0
14808,2011-09-10 12:50:00,United Kingdom,6,1833.8200000000002,53,81,0.32352848161481956,0
17870,2011-09-10 12:50:00,United Kingdom,6,418.97,1,291,0.3231457399259949,0
15644,2011-09-10 12:50:00,United Kingdom,4,803.54,75,170,0.3228261376143036,0
17686,2011-09-10 12:50:00,United Kingdom,4,2996.74,30,443,0.3222390972180219,0
15737,2011-09-10 12:50:00,United Kingdom,5,880.9300000000001,57,152,0.32208098154086134,0
17211,2011-09-10 12:50:00,United Kingdom,3,685.1800000000001,89,635,0.3220637275732977,0
16409,2011-09-10 12:50:00,United Kingdom,2,761.81,59,635,0.3219898472661877,0
14307,2011-09-10 12:50:00,United Kingdom,2,1037.33,44,641,0.32193686268115557,0
14005,2011-09-10 12:50:00,United Kingdom,3,696.5600000000001,43,125,0.3213939987368482,0
13477,2011-09-10 12:50:00,United Kingdom,3,714.15,47,593,0.32133950506069264,0
12669,2011-09-10 12:50:00,France,3,2744.0299999999997,60,166,0.32132722499187943,0
14178,2011-09-10 12:50:00,United Kingdom,3,477.29,7,91,0.3210353524478632,0
12484,2011-09-10 12:50:00,Spain,3,2519.98,10,590,0.32093787649511396,0
15687,2011-09-10 12:50:00,United Kingdom,2,646.9,96,239,0.320852683515177,0
14758,2011-09-10 12:50:00,United Kingdom,4,1484.06,54,520,0.32079262466120634,0
13456,2011-09-10 12:50:00,United Kingdom,3,855.0600000000001,64,116,0.3207227334215153,0
16249,2011-09-10 12:50:00,United Kingdom,4,1440.77,22,148,0.32068826000913475,0
17188,2011-09-10 12:50:00,United Kingdom,2,390.65,73,640,0.3204601436615589,0
12951,2011-09-10 12:50:00,United Kingdom,3,445.69000000000005,83,608,0.3202740002125192,0
12840,2011-09-10 12:50:00,United Kingdom,4,2726.77,53,583,0.3198453852455421,0
13870,2011-09-10 12:50:00,United Kingdom,4,1635.44,11,579,0.3197870298104731,0
17236,2011-09-10 12:50:00,United Kingdom,2,252.36,88,551,0.31963493038898105,0
13941,2011-09-10 12:50:00,United Kingdom,1,712.3,81,632,0.31942527892271594,0
13720,2011-09-10 12:50:00,United Kingdom,4,799.9,26,164,0.3192183946691246,0
18093,2011-09-10 12:50:00,United Kingdom,2,989.0,2,528,0.3189605820887,0
15065,2011-09-10 12:50:00,United Kingdom,2,2085.09,74,320,0.31893807428597204,0
12356,2011-09-10 12:50:00,Portugal,1,481.46000000000004,155,334,0.318908042781552,0
15241,2011-09-10 12:50:00,United Kingdom,5,949.5300000000001,36,563,0.318457441198424,0
14970,2011-09-10 12:50:00,United Kingdom,2,782.25,46,572,0.3181368809350919,0
14626,2011-09-10 12:50:00,United Kingdom,2,1571.29,32,638,0.3173202735328349,0
15768,2011-09-10 12:50:00,United Kingdom,3,621.8299999999999,25,646,0.31674867738388957,0
15906,2011-09-10 12:50:00,United Kingdom,4,797.7099999999999,54,360,0.3163390788522661,0
17114,2011-09-10 12:50:00,United Kingdom,4,333.4,48,244,0.3158549754389304,0
16059,2011-09-10 12:50:00,United Kingdom,2,685.1,73,478,0.3158457897446657,0
17722,2011-09-10 12:50:00,United Kingdom,2,680.46,5,285,0.3155434830654715,0
15288,2011-09-10 12:50:00,United Kingdom,3,1840.71,65,574,0.31542177054120907,0
14907,2011-09-10 12:50:00,United Kingdom,2,1647.49,8,511,0.31518329124349015,0
18204,2011-09-10 12:50:00,United Kingdom,2,1358.87,19,101,0.31497711004462753,0
17651,2011-09-10 12:50:00,United Kingdom,4,1148.01,65,436,0.3146422691725683,0
17096,2011-09-10 12:50:00,United Kingdom,2,443.94,52,464,0.31432250735469924,0
15819,2011-09-10 12:50:00,United Kingdom,2,945.8299999999999,40,541,0.31427069501453997,0
17516,2011-09-10 12:50:00,United Kingdom,2,281.02,28,288,0.3138426588061913,0
14078,2011-09-10 12:50:00,United Kingdom,4,743.0799999999999,11,530,0.3135850569922722,0
13771,2011-09-10 12:50:00,United Kingdom,2,1464.85,108,562,0.3134640418379441,0
16182,2011-09-10 12:50:00,United Kingdom,2,4019.0,39,550,0.31316947868425865,0
15673,2011-09-10 12:50:00,United Kingdom,2,1134.44,66,564,0.3131058946411923,0
13340,2011-09-10 12:50:00,United Kingdom,4,5551.51,15,564,0.31301394382330117,0
12633,2011-09-10 12:50:00,Germany,2,935.9300000000001,39,435,0.3124958427329259,0
17585,2011-09-10 12:50:00,United Kingdom,3,698.87,18,387,0.3122349473153707,0
15950,2011-09-10 12:50:00,United Kingdom,1,662.5600000000001,15,592,0.31216176393397377,0
18037,2011-09-10 12:50:00,United Kingdom,4,30.47,63,647,0.3118891226666875,0
15810,2011-09-10 12:50:00,United Kingdom,2,983.87,79,582,0.3118564077306711,0
17873,2011-09-10 12:50:00,United Kingdom,2,886.19,93,632,0.31177335004092543,0
14315,2011-09-10 12:50:00,United Kingdom,5,1550.1499999999999,38,544,0.31173189709535537,0
15811,2011-09-10 12:50:00,United Kingdom,2,876.47,15,297,0.31083847348296684,0
17444,2011-09-10 12:50:00,Canada,3,2940.04,57,82,0.31078352945026955,0
16915,2011-09-10 12:50:00,United Kingdom,3,328.09000000000003,36,478,0.3106652050255572,0
16131,2011-09-10 12:50:00,United Kingdom,4,2278.5,25,647,0.310326764232543,0
13376,2011-09-10 12:50:00,United Kingdom,3,1019.76,8,143,0.3100403181797477,0
15716,2011-09-10 12:50:00,United Kingdom,3,571.71,55,642,0.31001431778029415,0
14175,2011-09-10 12:50:00,United Kingdom,1,883.41,80,537,0.30985224472128253,0
17705,2011-09-10 12:50:00,United Kingdom,5,831.7,16,486,0.30945388589643213,0
15624,2011-09-10 12:50:00,United Kingdom,4,588.13,26,165,0.3092895641674211,0
15299,2011-09-10 12:50:00,United Kingdom,2,1200.0,73,606,0.3090673083468536,0
16628,2011-09-10 12:50:00,United Kingdom,4,1619.84,16,551,0.30802113208165405,0
12619,2011-09-10 12:50:00,Germany,5,2087.46,25,469,0.30748465099933714,0
14878,2011-09-10 12:50:00,United Kingdom,4,649.13,83,566,0.3069646261653045,0
12463,2011-09-10 12:50:00,Belgium,3,985.79,84,151,0.30680001955028263,0
15027,2011-09-10 12:50:00,United Kingdom,3,966.97,77,533,0.30653229475964866,0
13362,2011-09-10 12:50:00,United Kingdom,1,768.83,155,334,0.3064336225151957,0
13750,2011-09-10 12:50:00,United Kingdom,2,627.8299999999999,49,526,0.30592810862327435,0
17059,2011-09-10 12:50:00,United Kingdom,3,1514.74,19,591,0.3053676953333836,0
14918,2011-09-10 12:50:00,United Kingdom,2,1610.15,25,520,0.3053033424553347,0
14188,2011-09-10 12:50:00,United Kingdom,3,985.46,18,219,0.3048920997036568,0
14267,2011-09-10 12:50:00,United Kingdom,3,1516.24,72,170,0.3047295862494118,0
15106,2011-09-10 12:50:00,United Kingdom,3,1032.83,50,178,0.3044856087560008,0
13758,2011-09-10 12:50:00,United Kingdom,2,1210.27,110,648,0.3043772276704835,0
17400,2011-09-10 12:50:00,United Kingdom,4,1673.67,35,631,0.30437190416097243,0
15535,2011-09-10 12:50:00,United Kingdom,2,243.86,82,358,0.30423347421716684,0
15996,2011-09-10 12:50:00,United Kingdom,3,406.42,25,306,0.3040438683460499,0
15641,2011-09-10 12:50:00,United Kingdom,2,1125.04,14,642,0.30382153874362566,0
13873,2011-09-10 12:50:00,United Kingdom,2,268.15000000000003,29,556,0.30348423238831806,0
17069,2011-09-10 12:50:00,United Kingdom,3,912.59,64,646,0.3034802424922307,0
14913,2011-09-10 12:50:00,United Kingdom,1,301.32,92,395,0.30335552460024656,0
16791,2011-09-10 12:50:00,United Kingdom,4,544.89,31,645,0.30329675303380615,0
17738,2011-09-10 12:50:00,United Kingdom,2,791.5699999999999,58,540,0.3029643152041679,0
15038,2011-09-10 12:50:00,United Kingdom,3,378.82,97,334,0.3026953848828671,0
17593,2011-09-10 12:50:00,United Kingdom,3,2582.76,1,644,0.3025647955541894,0
13157,2011-09-10 12:50:00,United Kingdom,2,675.38,50,551,0.3025158476844863,0
13317,2011-09-10 12:50:00,United Kingdom,3,1075.93,108,636,0.30236331231086977,0
13492,2011-09-10 12:50:00,Switzerland,3,1269.8400000000001,45,124,0.3020277990056168,0
16717,2011-09-10 12:50:00,United Kingdom,3,1252.41,5,641,0.3019061285209221,0
17930,2011-09-10 12:50:00,United Kingdom,2,694.14,71,555,0.30188028457481686,0
14167,2011-09-10 12:50:00,United Kingdom,2,241.5,74,590,0.30144270700444226,0
12429,2011-09-10 12:50:00,Austria,2,1563.38,82,455,0.30140005171372564,0
13037,2011-09-10 12:50:00,United Kingdom,3,881.0699999999999,47,645,0.3013611854960997,0
13824,2011-09-10 12:50:00,United Kingdom,3,986.96,45,546,0.30131734484530165,0
16242,2011-09-10 12:50:00,United Kingdom,2,635.23,74,543,0.30130300757806733,0
15674,2011-09-10 12:50:00,United Kingdom,4,1379.66,123,640,0.3012139302871149,0
18168,2011-09-10 12:50:00,United Kingdom,3,525.65,85,645,0.30018825483309525,0
15971,2011-09-10 12:50:00,United Kingdom,4,1045.9499999999998,18,641,0.29954740973390764,0
15128,2011-09-10 12:50:00,United Kingdom,3,1170.24,36,339,0.29931281331211695,0
14235,2011-09-10 12:50:00,United Kingdom,4,2802.86,67,528,0.2991586416741704,0
17655,2011-09-10 12:50:00,United Kingdom,2,606.63,26,326,0.2989460224524563,0
16899,2011-09-10 12:50:00,United Kingdom,2,339.63,59,306,0.2980796928760526,0
15912,2011-09-10 12:50:00,United Kingdom,2,264.62,87,638,0.29757930234550073,0
18064,2011-09-10 12:50:00,United Kingdom,2,814.0,42,585,0.29735791725294647,0
12957,2011-09-10 12:50:00,United Kingdom,3,1301.61,95,638,0.297071632281801,0
17191,2011-09-10 12:50:00,United Kingdom,2,740.63,4,647,0.29696918314999066,0
13995,2011-09-10 12:50:00,United Kingdom,3,871.9,25,631,0.29659031706229194,0
15245,2011-09-10 12:50:00,United Kingdom,3,2515.84,43,504,0.2964348889361974,0
12464,2011-09-10 12:50:00,Belgium,4,416.7,15,218,0.2953462265520933,0
15622,2011-09-10 12:50:00,United Kingdom,4,2026.0,106,555,0.2944088642710982,0
13115,2011-09-10 12:50:00,United Kingdom,1,878.55,93,508,0.2937533964595799,0
17720,2011-09-10 12:50:00,United Kingdom,2,785.5999999999999,22,488,0.2936214696143001,0
14740,2011-09-10 12:50:00,United Kingdom,2,927.11,106,562,0.2934972986316952,0
15722,2011-09-10 12:50:00,United Kingdom,2,1089.4,18,549,0.2931099244311207,0
17372,2011-09-10 12:50:00,United Kingdom,3,526.7,75,645,0.2929028430913137,0
16954,2011-09-10 12:50:00,United Kingdom,2,484.28,34,599,0.29282972299809223,0
13610,2011-09-10 12:50:00,United Kingdom,4,530.64,19,612,0.29278094197292953,0
14748,2011-09-10 12:50:00,United Kingdom,2,648.3499999999999,33,554,0.2927069743850301,0
15034,2011-09-10 12:50:00,United Kingdom,2,989.77,142,486,0.29254596612891803,0
15845,2011-09-10 12:50:00,United Kingdom,3,1294.18,54,591,0.29152490898490313,0
15095,2011-09-10 12:50:00,United Kingdom,4,1370.6,13,597,0.2913308250304404,0
15482,2011-09-10 12:50:00,United Kingdom,2,1379.86,75,646,0.29129352125901725,0
16668,2011-09-10 12:50:00,United Kingdom,4,215.76,26,540,0.29127198848644065,0
17050,2011-09-10 12:50:00,United Kingdom,3,1698.33,5,591,0.291020890896227,0
17700,2011-09-10 12:50:00,United Kingdom,2,1079.22,4,648,0.2908236173686856,0
14224,2011-09-10 12:50:00,United Kingdom,3,765.43,19,453,0.29070522610810057,0
14299,2011-09-10 12:50:00,United Kingdom,1,871.2,17,647,0.29035801821311463,0
16172,2011-09-10 12:50:00,United Kingdom,5,1140.21,4,422,0.2895130067692165,0
13426,2011-09-10 12:50:00,United Kingdom,3,919.25,92,639,0.28867558050163705,0
12613,2011-09-10 12:50:00,Germany,4,1462.52,107,634,0.2877246283569311,0
13527,2011-09-10 12:50:00,United Kingdom,3,1252.07,14,597,0.2876111337377192,0
13081,2011-09-10 12:50:00,United Kingdom,3,11402.51,53,640,0.2875106595040036,0
15172,2011-09-10 12:50:00,United Kingdom,3,886.74,45,146,0.2869130377616142,0
18097,2011-09-10 12:50:00,United Kingdom,3,1329.02,36,632,0.2865581508090561,0
16497,2011-09-10 12:50:00,United Kingdom,3,1038.32,112,645,0.2857272172384969,0
14289,2011-09-10 12:50:00,United Kingdom,4,510.54,44,199,0.2849301802613669,0
12749,2011-09-10 12:50:00,United Kingdom,3,2755.23,40,430,0.28372839272084716,0
16444,2011-09-10 12:50:00,United Kingdom,3,541.4,4,534,0.2836283916674593,0
14871,2011-09-10 12:50:00,United Kingdom,2,214.35000000000002,87,648,0.2832574267685389,0
16889,2011-09-10 12:50:00,United Kingdom,2,1055.62,104,475,0.2830361841269366,0
16370,2011-09-10 12:50:00,United Kingdom,3,944.49,26,134,0.2828587352721117,0
17596,2011-09-10 12:50:00,United Kingdom,3,1346.1100000000001,45,633,0.28262137759364653,0
13517,2011-09-10 12:50:00,United Kingdom,2,1612.1799999999998,16,89,0.28243698384281485,0
16912,2011-09-10 12:50:00,United Kingdom,4,800.74,43,640,0.28240239519602983,0
13700,2011-09-10 12:50:00,United Kingdom,5,1194.21,2,580,0.28221157733858876,0
14837,2011-09-10 12:50:00,United Kingdom,3,1345.56,14,594,0.2819240550105288,0
17758,2011-09-10 12:50:00,United Kingdom,4,1433.25,61,477,0.2812565148284817,0
14404,2011-09-10 12:50:00,United Kingdom,3,931.44,18,628,0.2810003388744817,0
18231,2011-09-10 12:50:00,United Kingdom,4,1780.77,101,608,0.280790472212443,0
14309,2011-09-10 12:50:00,United Kingdom,4,1045.31,3,460,0.2805940234890583,0
13268,2011-09-10 12:50:00,United Kingdom,6,2117.81,79,176,0.2804796547717001,0
14696,2011-09-10 12:50:00,United Kingdom,3,870.2900000000001,29,331,0.2801777710388871,0
12444,2011-09-10 12:50:00,Norway,2,2627.27,31,80,0.2800773428768128,0
13630,2011-09-10 12:50:00,United Kingdom,4,1062.32,15,195,0.27983620872749876,0
18055,2011-09-10 12:50:00,United Kingdom,2,1278.83,37,322,0.27982920448279475,0
17284,2011-09-10 12:50:00,United Kingdom,4,772.93,30,354,0.27936842430468284,0
13481,2011-09-10 12:50:00,United Kingdom,4,1361.33,17,645,0.2791613650764945,0
13505,2011-09-10 12:50:00,Switzerland,3,2583.12,76,142,0.27864660642526384,0
12721,2011-09-10 12:50:00,France,2,957.29,92,381,0.2786006367094558,0
14524,2011-09-10 12:50:00,United Kingdom,3,558.8199999999999,88,326,0.27854558346957586,0
17054,2011-09-10 12:50:00,United Kingdom,4,1207.32,47,154,0.2782934175193419,0
16107,2011-09-10 12:50:00,United Kingdom,3,1494.1200000000001,12,92,0.2774127250219428,0
16365,2011-09-10 12:50:00,United Kingdom,5,494.09999999999997,32,638,0.2772740912715552,0
17071,2011-09-10 12:50:00,United Kingdom,5,1093.87,43,593,0.2772680613578577,0
13136,2011-09-10 12:50:00,United Kingdom,3,1226.68,52,640,0.27722079845740133,0
15764,2011-09-10 12:50:00,United Kingdom,4,2155.69,16,387,0.2768655623977857,0
18230,2011-09-10 12:50:00,United Kingdom,4,1681.54,3,435,0.27607629202210626,0
14541,2011-09-10 12:50:00,United Kingdom,3,475.0,78,611,0.27577815142557766,0
16719,2011-09-10 12:50:00,United Kingdom,2,531.37,58,636,0.2751885334963008,0
16027,2011-09-10 12:50:00,United Kingdom,4,534.9,1,609,0.274998486121608,0
13869,2011-09-10 12:50:00,United Kingdom,2,2197.64,32,600,0.2745609187640548,0
16996,2011-09-10 12:50:00,United Kingdom,3,914.24,30,327,0.2745441557394448,0
15998,2011-09-10 12:50:00,United Kingdom,2,1241.87,81,648,0.27404508439853825,0
14191,2011-09-10 12:50:00,United Kingdom,7,2258.26,17,638,0.2739618168100049,0
16633,2011-09-10 12:50:00,United Kingdom,3,1168.26,23,143,0.2732047447679216,0
16880,2011-09-10 12:50:00,United Kingdom,6,1093.1200000000001,9,402,0.2727422521063757,0
13141,2011-09-10 12:50:00,United Kingdom,2,876.46,123,639,0.27270287156493,0
15140,2011-09-10 12:50:00,United Kingdom,5,1728.1100000000001,25,351,0.27153714189212846,0
14257,2011-09-10 12:50:00,United Kingdom,3,2105.7,32,557,0.27124399089481255,0
17562,2011-09-10 12:50:00,United Kingdom,4,661.1,19,82,0.27100849108159,0
13384,2011-09-10 12:50:00,United Kingdom,2,1755.84,38,410,0.2705744113395043,0
16045,2011-09-10 12:50:00,United Kingdom,3,676.25,29,408,0.2704305328943004,0
14702,2011-09-10 12:50:00,United Kingdom,3,465.55,26,638,0.27023202290435955,0
14262,2011-09-10 12:50:00,United Kingdom,3,855.0,16,150,0.2695405317479877,0
17204,2011-09-10 12:50:00,United Kingdom,4,1564.5600000000002,84,457,0.2694358027041654,0
17629,2011-09-10 12:50:00,United Kingdom,4,559.73,29,330,0.2691772853452672,0
13520,2011-09-10 12:50:00,Switzerland,3,1959.46,47,632,0.2688198870126956,0
16126,2011-09-10 12:50:00,United Kingdom,2,2815.35,11,646,0.268464271493064,0
17656,2011-09-10 12:50:00,United Kingdom,3,927.65,15,38,0.2684410216154872,0
17567,2011-09-10 12:50:00,United Kingdom,3,1447.27,2,351,0.2681577271522841,0
12674,2011-09-10 12:50:00,France,3,1402.0,1,117,0.2681107255002158,0
16143,2011-09-10 12:50:00,United Kingdom,2,736.51,17,639,0.2680260656575224,0
15296,2011-09-10 12:50:00,United Kingdom,4,1400.1599999999999,18,596,0.266858607536525,0
18257,2011-09-10 12:50:00,United Kingdom,3,1199.07,23,568,0.2664857807086254,0
12520,2011-09-10 12:50:00,Germany,3,1058.4299999999998,51,183,0.26590858840306303,0
14292,2011-09-10 12:50:00,United Kingdom,3,2127.21,55,540,0.265724387963215,0
13313,2011-09-10 12:50:00,United Kingdom,2,611.04,50,646,0.2645637962159308,0
12853,2011-09-10 12:50:00,United Kingdom,5,1529.7,44,582,0.2644160310925177,0
16115,2011-09-10 12:50:00,United Kingdom,4,785.76,26,484,0.2637518988186564,0
12868,2011-09-10 12:50:00,United Kingdom,3,933.85,95,302,0.26358307244894696,0
16983,2011-09-10 12:50:00,United Kingdom,2,563.01,6,356,0.2633214490118937,0
14112,2011-09-10 12:50:00,United Kingdom,3,1283.7200000000003,40,563,0.2630680767455919,0
13975,2011-09-10 12:50:00,United Kingdom,3,795.51,37,584,0.2630513581187738,0
15874,2011-09-10 12:50:00,United Kingdom,5,1623.4,87,610,0.26244458912799745,0
14701,2011-09-10 12:50:00,United Kingdom,4,1048.8200000000002,82,594,0.2624264943532951,0
14502,2011-09-10 12:50:00,United Kingdom,4,497.35,58,222,0.26190612125004614,0
16209,2011-09-10 12:50:00,United Kingdom,4,2116.9,28,456,0.2616477304107209,0
15122,2011-09-10 12:50:00,United Kingdom,2,1236.74,23,528,0.2614000233762989,0
18236,2011-09-10 12:50:00,United Kingdom,4,641.19,38,512,0.26086332801821455,0
14329,2011-09-10 12:50:00,United Kingdom,2,1359.43,18,632,0.2608305748201587,0
14866,2011-09-10 12:50:00,United Kingdom,3,1060.22,15,380,0.26039631114455813,0
15150,2011-09-10 12:50:00,United Kingdom,5,3569.62,18,453,0.2602402365635322,0
17921,2011-09-10 12:50:00,United Kingdom,3,595.47,57,421,0.25941126170144113,0
18272,2011-09-10 12:50:00,United Kingdom,4,2106.45,23,554,0.25900959483829167,0
18178,2011-09-10 12:50:00,United Kingdom,2,956.86,38,568,0.2589213527954165,0
13735,2011-09-10 12:50:00,United Kingdom,2,1409.69,85,635,0.25887806671065283,0
12480,2011-09-10 12:50:00,Germany,2,1328.7,52,416,0.25844183045260366,0
16503,2011-09-10 12:50:00,United Kingdom,2,590.14,16,445,0.2583430263208978,0
14032,2011-09-10 12:50:00,United Kingdom,3,916.31,78,635,0.2583190980784324,0
12562,2011-09-10 12:50:00,France,3,1605.23,36,344,0.2582919568648918,0
15527,2011-09-10 12:50:00,United Kingdom,3,750.49,54,633,0.25807412874228225,0
13925,2011-09-10 12:50:00,United Kingdom,4,678.25,2,44,0.25789529844868797,0
12408,2011-09-10 12:50:00,Belgium,4,2134.05,8,407,0.2576206915533219,0
14498,2011-09-10 12:50:00,United Kingdom,3,1115.57,25,459,0.2575389584690177,0
13654,2011-09-10 12:50:00,United Kingdom,3,1401.3400000000001,54,647,0.2568731759354775,0
13014,2011-09-10 12:50:00,United Kingdom,4,1507.1,23,342,0.2568176925339567,0
16655,2011-09-10 12:50:00,United Kingdom,2,1054.94,40,586,0.2567366541222208,0
14408,2011-09-10 12:50:00,United Kingdom,6,2290.8100000000004,4,642,0.2566838289995593,0
15021,2011-09-10 12:50:00,United Kingdom,4,882.14,66,407,0.25653094995384723,0
14676,2011-09-10 12:50:00,United Kingdom,3,1134.6,57,549,0.2563635009922381,0
16153,2011-09-10 12:50:00,United Kingdom,3,808.53,25,472,0.2561437959631356,0
14414,2011-09-10 12:50:00,United Kingdom,6,1279.78,1,284,0.25611985155302186,0
16907,2011-09-10 12:50:00,United Kingdom,2,249.24,57,435,0.2560703815852086,0
13742,2011-09-10 12:50:00,United Kingdom,7,1477.39,71,229,0.25592121473581303,0
14745,2011-09-10 12:50:00,United Kingdom,4,979.66,22,547,0.2558541170528841,0
12836,2011-09-10 12:50:00,United Kingdom,2,1265.8400000000001,46,647,0.2557860322521691,0
14898,2011-09-10 12:50:00,United Kingdom,2,567.13,43,645,0.2553587450360482,0
12779,2011-09-10 12:50:00,Poland,4,1800.83,99,646,0.2549627842001445,0
17426,2011-09-10 12:50:00,United Kingdom,3,3086.71,0,569,0.25347891181259014,0
13225,2011-09-10 12:50:00,United Kingdom,2,1094.68,52,632,0.25297836885508806,0
14246,2011-09-10 12:50:00,United Kingdom,3,1474.06,20,155,0.25238882121652345,0
17663,2011-09-10 12:50:00,United Kingdom,3,645.14,64,555,0.2514092815040126,0
15987,2011-09-10 12:50:00,United Kingdom,5,1080.15,30,288,0.2510434671331604,0
15815,2011-09-10 12:50:00,United Kingdom,4,1874.7,50,169,0.2507757006880904,0
15410,2011-09-10 12:50:00,United Kingdom,7,3089.4100000000003,8,509,0.25071276785745744,0
17754,2011-09-10 12:50:00,United Kingdom,2,575.06,51,637,0.2496562890059948,0
12910,2011-09-10 12:50:00,United Kingdom,4,1486.9,43,530,0.24922375349256828,0
13549,2011-09-10 12:50:00,United Kingdom,5,762.05,51,297,0.2490850894112393,0
13021,2011-09-10 12:50:00,United Kingdom,3,995.1200000000001,76,644,0.24902280923500025,0
14030,2011-09-10 12:50:00,United Kingdom,3,673.77,30,638,0.24860899396545727,0
15134,2011-09-10 12:50:00,United Kingdom,4,614.86,36,332,0.2474692992727646,0
14640,2011-09-10 12:50:00,United Kingdom,4,1483.3600000000001,37,595,0.2468531884630115,0
13213,2011-09-10 12:50:00,United Kingdom,4,963.8800000000001,37,477,0.24605227243659467,0
17457,2011-09-10 12:50:00,United Kingdom,3,1020.64,36,641,0.24603792455808493,0
18237,2011-09-10 12:50:00,United Kingdom,3,725.55,1,43,0.24595676860238677,0
17287,2011-09-10 12:50:00,United Kingdom,3,479.71000000000004,52,646,0.245666711530458,0
13743,2011-09-10 12:50:00,United Kingdom,5,912.1199999999999,17,168,0.24559658947224927,0
14825,2011-09-10 12:50:00,United Kingdom,3,454.20000000000005,37,521,0.24548467246115582,0
17085,2011-09-10 12:50:00,United Kingdom,2,592.25,32,643,0.2443914632654618,0
13588,2011-09-10 12:50:00,United Kingdom,4,1420.72,9,164,0.24354059264717057,0
14572,2011-09-10 12:50:00,United Kingdom,4,1732.21,19,530,0.24351179104889012,0
12422,2011-09-10 12:50:00,Australia,2,565.06,5,631,0.2427323891512053,0
14211,2011-09-10 12:50:00,United Kingdom,4,664.83,6,640,0.24233384724059936,0
16098,2011-09-10 12:50:00,United Kingdom,4,860.0899999999999,37,634,0.24217769916196172,0
14739,2011-09-10 12:50:00,United Kingdom,2,1304.14,3,646,0.24172086653893562,0
17504,2011-09-10 12:50:00,United Kingdom,7,2209.6,115,579,0.2412291588095141,0
13953,2011-09-10 12:50:00,United Kingdom,3,1604.3600000000001,25,637,0.24121562841066838,0
15694,2011-09-10 12:50:00,United Kingdom,5,2060.66,85,641,0.2392731159677413,0
14107,2011-09-10 12:50:00,United Kingdom,4,1840.85,5,639,0.23903956330685275,0
17863,2011-09-10 12:50:00,United Kingdom,2,894.5799999999999,54,562,0.23775916054733168,0
17702,2011-09-10 12:50:00,United Kingdom,3,1338.77,18,310,0.23724159947981088,0
12500,2011-09-10 12:50:00,Germany,3,805.08,16,582,0.23723958303890536,0
12599,2011-09-10 12:50:00,France,4,544.58,36,487,0.2366964348870315,0
12502,2011-09-10 12:50:00,Spain,4,3106.62,5,219,0.2363424502557982,0
12407,2011-09-10 12:50:00,Belgium,4,1407.36,43,173,0.23624241052986553,0
16735,2011-09-10 12:50:00,United Kingdom,3,1333.94,8,641,0.23605430262405497,0
17470,2011-09-10 12:50:00,United Kingdom,3,638.0699999999999,36,417,0.23585333496393995,0
12980,2011-09-10 12:50:00,United Kingdom,4,3701.1600000000003,67,647,0.2355844694572224,0
13802,2011-09-10 12:50:00,United Kingdom,2,3629.6800000000003,48,571,0.23500976032622353,0
13246,2011-09-10 12:50:00,United Kingdom,2,775.35,85,434,0.23466125751127323,0
15755,2011-09-10 12:50:00,United Kingdom,2,830.1500000000001,17,645,0.2342558583401709,0
17365,2011-09-10 12:50:00,United Kingdom,3,1594.1499999999999,79,586,0.23367643931767929,0
12947,2011-09-10 12:50:00,United Kingdom,4,998.29,53,282,0.2334337397247199,0
13883,2011-09-10 12:50:00,United Kingdom,4,1742.78,128,640,0.23310998737825522,0
17669,2011-09-10 12:50:00,United Kingdom,5,2433.2200000000003,31,526,0.2320661899661776,0
13451,2011-09-10 12:50:00,United Kingdom,3,2026.31,35,537,0.23159149129112577,0
14064,2011-09-10 12:50:00,United Kingdom,3,911.8799999999999,22,596,0.2312135869429751,0
14854,2011-09-10 12:50:00,United Kingdom,5,1819.55,42,596,0.2307051069041166,0
14227,2011-09-10 12:50:00,United Kingdom,6,1662.82,105,579,0.230687373169214,0
14016,2011-09-10 12:50:00,EIRE,3,3587.47,71,609,0.23060168733575176,0
15785,2011-09-10 12:50:00,United Kingdom,3,737.25,67,633,0.2289947205673996,0
15860,2011-09-10 12:50:00,United Kingdom,5,664.48,8,643,0.2274255136037644,0
12704,2011-09-10 12:50:00,Finland,3,1100.92,15,79,0.22701207256605874,0
15611,2011-09-10 12:50:00,United Kingdom,6,743.1400000000001,13,592,0.22698030253394658,0
13901,2011-09-10 12:50:00,United Kingdom,3,2437.88,17,613,0.2266800629578779,0
15708,2011-09-10 12:50:00,United Kingdom,2,1075.98,48,335,0.22573708234526918,0
13381,2011-09-10 12:50:00,United Kingdom,3,2045.22,22,647,0.22500270798144803,0
14395,2011-09-10 12:50:00,United Kingdom,3,902.72,87,509,0.2235899044224013,0
17162,2011-09-10 12:50:00,United Kingdom,6,827.5,40,215,0.22203568437272253,0
15270,2011-09-10 12:50:00,United Kingdom,2,836.79,27,631,0.22062356558985816,0
15058,2011-09-10 12:50:00,United Kingdom,4,764.19,34,562,0.22034724828708566,0
12395,2011-09-10 12:50:00,Belgium,5,988.14,21,512,0.21958685634161706,0
13590,2011-09-10 12:50:00,United Kingdom,3,807.32,60,647,0.2194735624354261,0
12524,2011-09-10 12:50:00,Germany,3,1784.31,71,578,0.21866649553845177,0
13001,2011-09-10 12:50:00,United Kingdom,6,4522.76,67,645,0.21837493162294816,0
12626,2011-09-10 12:50:00,Germany,4,3499.8999999999996,22,236,0.21821691808079724,0
14844,2011-09-10 12:50:00,United Kingdom,3,2257.6800000000003,32,516,0.2181904434131529,0
16873,2011-09-10 12:50:00,United Kingdom,3,1713.83,36,577,0.21681945386318147,0
17800,2011-09-10 12:50:00,United Kingdom,5,665.1,0,243,0.2167310666131172,0
13209,2011-09-10 12:50:00,United Kingdom,3,3725.88,38,593,0.21671386708084991,0
15093,2011-09-10 12:50:00,United Kingdom,2,1423.8899999999999,26,641,0.21521631256527593,0
16686,2011-09-10 12:50:00,United Kingdom,4,1712.03,7,642,0.21438665565339457,0
14004,2011-09-10 12:50:00,United Kingdom,4,2303.24,7,345,0.2137592957686898,0
13232,2011-09-10 12:50:00,United Kingdom,5,1019.05,7,152,0.21352958586630721,0
15203,2011-09-10 12:50:00,United Kingdom,3,1116.38,15,640,0.21327802450544803,0
15518,2011-09-10 12:50:00,United Kingdom,4,984.91,33,629,0.21326996120005368,0
17809,2011-09-10 12:50:00,United Kingdom,4,995.01,38,646,0.2131365832238189,0
14426,2011-09-10 12:50:00,United Kingdom,3,1390.0,50,554,0.2130842585464612,0
13162,2011-09-10 12:50:00,United Kingdom,3,935.0300000000001,31,644,0.2129655246639579,0
13015,2011-09-10 12:50:00,United Kingdom,4,1763.04,106,512,0.2126809958002256,0
12347,2011-09-10 12:50:00,Iceland,3,1603.68,39,313,0.2123617439185347,0
17723,2011-09-10 12:50:00,United Kingdom,6,3276.4000000000005,36,285,0.21228939733209176,0
14422,2011-09-10 12:50:00,United Kingdom,2,1032.15,79,632,0.21213810916866882,0
14903,2011-09-10 12:50:00,United Kingdom,3,1868.74,34,188,0.21195363964666084,0
15059,2011-09-10 12:50:00,United Kingdom,4,638.69,16,643,0.21111705359524494,0
13875,2011-09-10 12:50:00,United Kingdom,3,1084.15,43,632,0.21072657500144285,0
13437,2011-09-10 12:50:00,United Kingdom,4,2173.6,8,99,0.21061215422899596,0
16456,2011-09-10 12:50:00,United Kingdom,3,921.69,8,530,0.20907595937875126,0
15281,2011-09-10 12:50:00,United Kingdom,6,1177.21,46,337,0.2078680993949048,0
16806,2011-09-10 12:50:00,United Kingdom,4,762.16,12,148,0.2078492806837359,0
17861,2011-09-10 12:50:00,United Kingdom,4,1057.6299999999999,45,639,0.20687089663297883,0
15220,2011-09-10 12:50:00,United Kingdom,4,967.94,24,190,0.2068166274226075,0
12643,2011-09-10 12:50:00,France,5,2473.44,37,520,0.20650104154969898,0
16184,2011-09-10 12:50:00,United Kingdom,5,985.8000000000001,15,120,0.20622791355751285,0
14461,2011-09-10 12:50:00,United Kingdom,3,2103.06,57,600,0.20607228859415325,0
15187,2011-09-10 12:50:00,United Kingdom,6,1883.88,1,121,0.2052078941165498,0
13094,2011-09-10 12:50:00,United Kingdom,5,1016.7600000000001,39,298,0.20504607433837677,0
12867,2011-09-10 12:50:00,United Kingdom,4,2229.0099999999998,5,632,0.20292228497425743,0
14344,2011-09-10 12:50:00,United Kingdom,4,388.1,36,535,0.20271513871347926,0
14659,2011-09-10 12:50:00,United Kingdom,4,866.58,55,225,0.20192480538688598,0
12714,2011-09-10 12:50:00,France,3,2421.4,16,645,0.2018191755282579,0
16255,2011-09-10 12:50:00,United Kingdom,4,1289.58,5,594,0.20132471889118583,0
18094,2011-09-10 12:50:00,United Kingdom,4,1897.58,45,611,0.20084842290192254,0
18283,2011-09-10 12:50:00,United Kingdom,7,772.13,5,567,0.20079832181231722,0
15752,2011-09-10 12:50:00,United Kingdom,4,1454.47,2,367,0.20058458425839695,0
14730,2011-09-10 12:50:00,United Kingdom,4,621.26,16,186,0.20051528164772295,0
16919,2011-09-10 12:50:00,United Kingdom,9,2052.2400000000002,65,386,0.1998101418051379,0
14088,2011-09-10 12:50:00,United Kingdom,6,17962.98,38,330,0.19918339116564865,0
17469,2011-09-10 12:50:00,United Kingdom,3,1050.27,18,632,0.1986615120482179,0
15570,2011-09-10 12:50:00,United Kingdom,3,842.59,51,530,0.1966367817651566,0
14769,2011-09-10 12:50:00,United Kingdom,4,5413.85,17,633,0.19608999909766847,0
17659,2011-09-10 12:50:00,United Kingdom,6,1178.08,9,295,0.19522968457339465,0
13831,2011-09-10 12:50:00,United Kingdom,3,1042.85,48,638,0.19490004934507035,0
16359,2011-09-10 12:50:00,United Kingdom,4,979.02,4,571,0.19452879016824026,0
15625,2011-09-10 12:50:00,United Kingdom,4,1534.2599999999998,13,451,0.19387014029800345,0
17940,2011-09-10 12:50:00,United Kingdom,7,2601.16,17,646,0.19384063182262368,0
12989,2011-09-10 12:50:00,United Kingdom,5,2555.04,67,638,0.19379001321654332,0
15812,2011-09-10 12:50:00,United Kingdom,4,1556.3400000000001,16,633,0.1935075739835742,0
16466,2011-09-10 12:50:00,United Kingdom,4,890.51,12,551,0.19329386609606877,0
15453,2011-09-10 12:50:00,United Kingdom,4,701.2,1,97,0.1920787235478484,0
14210,2011-09-10 12:50:00,United Kingdom,3,928.45,15,612,0.19192110291598144,0
12637,2011-09-10 12:50:00,France,6,4142.22,1,452,0.19065284000499877,0
16638,2011-09-10 12:50:00,United Kingdom,4,593.5,8,387,0.19055711378650741,0
12928,2011-09-10 12:50:00,United Kingdom,2,743.8,57,459,0.19055568052079855,0
16775,2011-09-10 12:50:00,United Kingdom,5,597.45,31,351,0.19030381118609763,0
17377,2011-09-10 12:50:00,United Kingdom,3,760.28,35,647,0.19016439284739273,0
17231,2011-09-10 12:50:00,United Kingdom,4,1205.94,35,641,0.18992761671786798,0
12782,2011-09-10 12:50:00,Portugal,2,931.24,59,428,0.18958349121617363,0
13593,2011-09-10 12:50:00,United Kingdom,4,1452.0300000000002,17,556,0.18954880199401505,0
17340,2011-09-10 12:50:00,United Kingdom,5,3233.26,29,572,0.1869202165744035,0
17314,2011-09-10 12:50:00,United Kingdom,3,940.7199999999999,58,646,0.18677835379669647,0
17634,2011-09-10 12:50:00,United Kingdom,5,839.76,1,247,0.18674336992925844,0
15547,2011-09-10 12:50:00,United Kingdom,3,1050.1200000000001,19,642,0.1864034045939757,0
18044,2011-09-10 12:50:00,United Kingdom,5,959.16,75,469,0.1859205105739578,0
16019,2011-09-10 12:50:00,United Kingdom,3,998.75,45,634,0.18581561682497374,0
17042,2011-09-10 12:50:00,United Kingdom,4,915.02,30,156,0.18486193389704822,0
12423,2011-09-10 12:50:00,Belgium,5,1220.43,10,375,0.18339444964329618,0
14766,2011-09-10 12:50:00,United Kingdom,3,1350.92,77,461,0.18180828921950498,0
18092,2011-09-10 12:50:00,United Kingdom,4,2739.6400000000003,29,645,0.181340187240421,0
13842,2011-09-10 12:50:00,United Kingdom,3,946.6700000000001,65,570,0.18067927790606014,0
16626,2011-09-10 12:50:00,United Kingdom,7,2165.34,22,176,0.18001099504761067,0
16326,2011-09-10 12:50:00,United Kingdom,6,1099.49,6,589,0.1797191187088207,0
12766,2011-09-10 12:50:00,Portugal,2,2142.77,58,317,0.17940452374545662,0
14868,2011-09-10 12:50:00,United Kingdom,4,1297.07,29,329,0.1788562036340253,0
14390,2011-09-10 12:50:00,United Kingdom,3,1367.01,53,334,0.17823920140573118,0
18077,2011-09-10 12:50:00,United Kingdom,4,910.88,13,642,0.17815147286508184,0
17652,2011-09-10 12:50:00,United Kingdom,5,2491.27,53,190,0.17733102138916182,0
13198,2011-09-10 12:50:00,United Kingdom,3,1824.44,30,343,0.17720856084937836,0
16841,2011-09-10 12:50:00,United Kingdom,4,1243.68,46,606,0.17705929282320357,0
17682,2011-09-10 12:50:00,United Kingdom,4,1507.85,24,551,0.1768819916083002,0
17061,2011-09-10 12:50:00,United Kingdom,10,4658.83,20,141,0.17644846340865236,0
17442,2011-09-10 12:50:00,United Kingdom,4,1480.8600000000001,3,571,0.17576290387284313,0
12705,2011-09-10 12:50:00,Germany,3,3304.52,67,443,0.17560317479265766,0
16156,2011-09-10 12:50:00,United Kingdom,4,1111.33,61,646,0.17527639680295723,0
15089,2011-09-10 12:50:00,United Kingdom,3,2036.28,3,37,0.17526251576963076,0
16477,2011-09-10 12:50:00,United Kingdom,2,823.05,41,394,0.1752045968577936,0
14101,2011-09-10 12:50:00,United Kingdom,3,3100.3599999999997,52,530,0.17497725548663395,0
15984,2011-09-10 12:50:00,United Kingdom,3,1244.37,10,647,0.17475143499583876,0
15373,2011-09-10 12:50:00,United Kingdom,5,786.9000000000001,25,496,0.17460114182688216,0
13871,2011-09-10 12:50:00,United Kingdom,7,3759.04,1,628,0.17420604289895222,0
16316,2011-09-10 12:50:00,United Kingdom,3,1063.84,66,402,0.17337598926292788,0
16710,2011-09-10 12:50:00,United Kingdom,4,1192.55,47,644,0.1721250810715686,0
14397,2011-09-10 12:50:00,United Kingdom,10,1036.12,3,123,0.17203647699593774,0
16782,2011-09-10 12:50:00,United Kingdom,5,631.96,47,640,0.17106675409995364,0
16652,2011-09-10 12:50:00,United Kingdom,4,2937.71,19,542,0.1700984583556873,0
14232,2011-09-10 12:50:00,United Kingdom,4,1573.33,24,174,0.16964091988257604,0
18245,2011-09-10 12:50:00,United Kingdom,4,867.9000000000001,58,550,0.16962573965908084,0
16553,2011-09-10 12:50:00,United Kingdom,7,2927.88,72,575,0.16924130282215932,0
16103,2011-09-10 12:50:00,United Kingdom,4,1156.4,67,610,0.16896633825682392,0
18219,2011-09-10 12:50:00,United Kingdom,5,882.76,58,641,0.16783499288196052,0
13728,2011-09-10 12:50:00,United Kingdom,4,638.44,16,639,0.16591561132200733,0
12481,2011-09-10 12:50:00,Germany,5,2690.83,89,516,0.1658905974256456,0
15628,2011-09-10 12:50:00,United Kingdom,4,1306.22,7,635,0.16584984681889733,0
16266,2011-09-10 12:50:00,United Kingdom,6,761.12,25,582,0.16502719438837546,0
17419,2011-09-10 12:50:00,United Kingdom,3,1293.45,53,592,0.16422125854943692,0
14407,2011-09-10 12:50:00,United Kingdom,5,1800.55,16,186,0.1642190768559885,0
14341,2011-09-10 12:50:00,United Kingdom,4,803.8900000000001,39,648,0.16302556228045437,0
14732,2011-09-10 12:50:00,United Kingdom,3,944.3199999999999,53,640,0.16300165996018304,0
12490,2011-09-10 12:50:00,France,5,2688.37,2,647,0.16290306555196088,0
13599,2011-09-10 12:50:00,United Kingdom,4,1011.29,66,648,0.16244646745353822,0
16407,2011-09-10 12:50:00,United Kingdom,5,946.98,19,341,0.16222565716170012,0
14410,2011-09-10 12:50:00,United Kingdom,8,962.62,1,346,0.16156976226712957,0
17589,2011-09-10 12:50:00,United Kingdom,3,1843.07,60,551,0.1614483581090104,0
14258,2011-09-10 12:50:00,United Kingdom,5,5100.14,61,645,0.16131862102263997,0
12935,2011-09-10 12:50:00,United Kingdom,3,1103.71,19,516,0.16094981471166822,0
17848,2011-09-10 12:50:00,United Kingdom,5,607.6899999999999,37,642,0.16047893971204763,0
15033,2011-09-10 12:50:00,United Kingdom,5,1052.4,18,238,0.16043879461604874,0
15671,2011-09-10 12:50:00,United Kingdom,4,1616.7000000000003,4,180,0.15999691428826757,0
17422,2011-09-10 12:50:00,United Kingdom,4,1377.72,2,444,0.15933763793797254,0
13507,2011-09-10 12:50:00,United Kingdom,3,2022.79,7,55,0.15883105635558212,0
16609,2011-09-10 12:50:00,United Kingdom,5,2710.04,44,162,0.15842896929096345,0
12681,2011-09-10 12:50:00,France,8,4440.76,61,635,0.15659988445747772,0
16076,2011-09-10 12:50:00,United Kingdom,5,1357.98,2,118,0.1560216019018778,0
16218,2011-09-10 12:50:00,United Kingdom,5,2164.18,24,470,0.15576152643814925,0
13305,2011-09-10 12:50:00,United Kingdom,5,1025.75,2,548,0.15532968526701976,0
14560,2011-09-10 12:50:00,United Kingdom,9,559.3299999999999,4,647,0.15491639722371106,0
16258,2011-09-10 12:50:00,United Kingdom,4,3741.06,36,548,0.15400623800825916,0
16764,2011-09-10 12:50:00,United Kingdom,4,782.5500000000001,8,52,0.15385059711857008,0
13184,2011-09-10 12:50:00,United Kingdom,8,1259.58,40,199,0.15344541545296855,0
17790,2011-09-10 12:50:00,United Kingdom,6,847.16,29,453,0.15309605321476488,0
17346,2011-09-10 12:50:00,United Kingdom,5,890.82,12,510,0.1529601674197607,0
15529,2011-09-10 12:50:00,United Kingdom,4,1435.13,52,303,0.1529548868597247,0
14135,2011-09-10 12:50:00,United Kingdom,3,1378.41,14,647,0.15288839570674712,0
13971,2011-09-10 12:50:00,United Kingdom,5,1652.42,15,592,0.15273517425257932,0
12830,2011-09-10 12:50:00,United Kingdom,5,6414.320000000001,0,81,0.15241508281123828,0
13631,2011-09-10 12:50:00,United Kingdom,11,3070.42,9,176,0.152350869542787,0
12476,2011-09-10 12:50:00,Germany,3,2469.44,50,411,0.15147144668069726,0
12567,2011-09-10 12:50:00,France,6,4670.87,5,576,0.15045161799658216,0
12483,2011-09-10 12:50:00,Sweden,5,1076.5,8,586,0.1503244394275775,0
17997,2011-09-10 12:50:00,United Kingdom,6,1711.75,1,73,0.15003185266821162,0
14243,2011-09-10 12:50:00,United Kingdom,4,1166.15,4,385,0.14919413459839173,0
15298,2011-09-10 12:50:00,United Kingdom,4,2485.14,2,640,0.14865684341106614,0
17512,2011-09-10 12:50:00,United Kingdom,5,1240.69,30,638,0.1486259257485267,0
17519,2011-09-10 12:50:00,United Kingdom,4,1152.7,43,648,0.14778561973410095,0
14530,2011-09-10 12:50:00,United Kingdom,4,1819.46,2,597,0.14773708060275617,0
13695,2011-09-10 12:50:00,United Kingdom,12,1767.0700000000002,7,487,0.14769478223494092,0
13450,2011-09-10 12:50:00,United Kingdom,4,1421.46,34,512,0.14762499922167446,0
12955,2011-09-10 12:50:00,United Kingdom,6,1843.36,2,177,0.14755750870235806,0
16942,2011-09-10 12:50:00,United Kingdom,7,1439.44,45,137,0.14752020337645816,0
13784,2011-09-10 12:50:00,United Kingdom,5,1697.76,4,360,0.14697556460473996,0
16210,2011-09-10 12:50:00,United Kingdom,5,2372.02,8,646,0.14692198741339527,0
17491,2011-09-10 12:50:00,United Kingdom,4,1485.19,5,500,0.14650062685950777,0
14217,2011-09-10 12:50:00,United Kingdom,6,832.7,9,436,0.14530260351041527,0
15796,2011-09-10 12:50:00,United Kingdom,4,1228.85,18,527,0.14480863763035184,0
15727,2011-09-10 12:50:00,United Kingdom,4,2517.69,16,594,0.14467893137530813,0
15932,2011-09-10 12:50:00,United Kingdom,5,1568.22,17,198,0.144218265669381,0
12708,2011-09-10 12:50:00,Germany,4,1268.05,11,631,0.14414677764066844,0
13266,2011-09-10 12:50:00,United Kingdom,8,2535.58,22,632,0.14412517734136523,0
14388,2011-09-10 12:50:00,United Kingdom,4,1563.52,0,598,0.14368762639480379,0
12594,2011-09-10 12:50:00,Italy,6,1932.9,30,555,0.14366922302526852,0
13993,2011-09-10 12:50:00,United Kingdom,4,1424.56,10,646,0.14286154465763512,0
18073,2011-09-10 12:50:00,United Kingdom,12,3859.82,23,106,0.14278000435532404,0
16670,2011-09-10 12:50:00,United Kingdom,4,1846.13,15,638,0.14238221467690032,0
16265,2011-09-10 12:50:00,United Kingdom,3,1619.1799999999998,20,316,0.14200729240489646,0
13862,2011-09-10 12:50:00,United Kingdom,4,1102.45,17,298,0.14137706168655012,0
17965,2011-09-10 12:50:00,United Kingdom,7,1197.73,1,634,0.1413171091309983,0
18260,2011-09-10 12:50:00,United Kingdom,4,1840.58,82,633,0.14097441923194698,0
12472,2011-09-10 12:50:00,Germany,3,2470.94,48,635,0.1400335752469073,0
16985,2011-09-10 12:50:00,United Kingdom,5,2304.98,67,638,0.1375850625063812,0
14944,2011-09-10 12:50:00,United Kingdom,5,2409.9,4,570,0.1373107577461853,0
12877,2011-09-10 12:50:00,United Kingdom,6,729.7700000000001,34,600,0.13729947303082818,0
17402,2011-09-10 12:50:00,United Kingdom,5,1160.58,11,632,0.1363919035223087,0
15581,2011-09-10 12:50:00,United Kingdom,8,3260.37,30,647,0.13567380007142057,0
14462,2011-09-10 12:50:00,United Kingdom,6,1066.63,30,341,0.13521148102336952,0
16333,2011-09-10 12:50:00,United Kingdom,14,11190.640000000001,8,219,0.1343787244104017,0
14291,2011-09-10 12:50:00,United Kingdom,6,1370.66,30,640,0.13376724991603361,0
17238,2011-09-10 12:50:00,United Kingdom,7,1207.6100000000001,45,648,0.13364015512625588,0
12627,2011-09-10 12:50:00,Germany,5,2727.83,5,49,0.1336046045814059,0
17613,2011-09-10 12:50:00,United Kingdom,7,2079.1800000000003,27,215,0.1334941388997081,0
14132,2011-09-10 12:50:00,United Kingdom,5,1552.46,23,93,0.1334749349067637,0
18061,2011-09-10 12:50:00,United Kingdom,5,976.1800000000001,17,645,0.13296825198255555,0
18241,2011-09-10 12:50:00,United Kingdom,11,1349.58,8,527,0.13286254106009482,0
12731,2011-09-10 12:50:00,France,6,7077.92,53,557,0.13231458373397315,0
14334,2011-09-10 12:50:00,United Kingdom,4,1289.61,3,478,0.13182570993730608,0
15974,2011-09-10 12:50:00,United Kingdom,4,1977.82,4,198,0.13080454566726468,0
14776,2011-09-10 12:50:00,United Kingdom,7,1303.86,14,355,0.13057800655116575,0
13880,2011-09-10 12:50:00,United Kingdom,5,1172.66,54,471,0.13038110969711092,0
14505,2011-09-10 12:50:00,United Kingdom,4,2867.08,18,639,0.13035894776161908,0
12523,2011-09-10 12:50:00,France,5,771.4,17,641,0.12994535023275772,0
17612,2011-09-10 12:50:00,United Kingdom,4,1377.48,4,632,0.1293818379734627,0
15521,2011-09-10 12:50:00,United Kingdom,7,2326.7799999999997,4,613,0.12908424331818438,0
16743,2011-09-10 12:50:00,United Kingdom,4,1069.8400000000001,22,505,0.12895836049926243,0
14364,2011-09-10 12:50:00,United Kingdom,8,3717.35,18,120,0.1286779049891562,0
17961,2011-09-10 12:50:00,United Kingdom,22,563.59,33,647,0.1282351164319299,0
14562,2011-09-10 12:50:00,United Kingdom,5,1874.68,1,579,0.12734140998644544,0
13183,2011-09-10 12:50:00,United Kingdom,5,1769.94,10,545,0.12667870365718445,0
14401,2011-09-10 12:50:00,United Kingdom,8,2527.26,5,634,0.12664324656440218,0
15491,2011-09-10 12:50:00,United Kingdom,6,3100.09,4,145,0.12661375090336421,0
18075,2011-09-10 12:50:00,United Kingdom,4,1090.25,15,408,0.12550490455461372,0
14961,2011-09-10 12:50:00,United Kingdom,4,2814.9,0,645,0.12526028662326424,0
15606,2011-09-10 12:50:00,United Kingdom,4,1244.71,28,556,0.12436756263962262,0
17696,2011-09-10 12:50:00,United Kingdom,4,1421.75,17,638,0.12419604205834325,0
16767,2011-09-10 12:50:00,United Kingdom,6,2954.44,3,499,0.12364328679142875,0
18198,2011-09-10 12:50:00,United Kingdom,11,3520.07,10,245,0.12212026023878267,0
17954,2011-09-10 12:50:00,United Kingdom,6,1176.45,32,639,0.12061449664970747,0
15827,2011-09-10 12:50:00,United Kingdom,6,863.88,23,610,0.12029103589259771,0
13027,2011-09-10 12:50:00,United Kingdom,5,5472.0,23,598,0.12004973781376613,0
13394,2011-09-10 12:50:00,United Kingdom,4,1229.69,25,648,0.11910233240578577,0
17858,2011-09-10 12:50:00,United Kingdom,5,1548.25,25,642,0.11870465315852767,0
14525,2011-09-10 12:50:00,United Kingdom,5,2093.34,9,635,0.11803403003954599,0
12553,2011-09-10 12:50:00,France,4,1395.73,19,332,0.11647542116721638,0
17750,2011-09-10 12:50:00,United Kingdom,5,1204.5,8,73,0.11620510200815908,0
16556,2011-09-10 12:50:00,United Kingdom,4,1605.38,15,642,0.116109418710899,0
16813,2011-09-10 12:50:00,United Kingdom,7,1146.84,6,113,0.11576380567590853,0
15465,2011-09-10 12:50:00,United Kingdom,8,3122.97,48,639,0.11561899854086434,0
17416,2011-09-10 12:50:00,United Kingdom,4,3179.7799999999997,19,634,0.11552980944153415,0
17049,2011-09-10 12:50:00,United Kingdom,4,1682.1100000000001,27,555,0.11542913309509714,0
17706,2011-09-10 12:50:00,United Kingdom,8,7138.650000000001,9,599,0.11384634290706712,0
14209,2011-09-10 12:50:00,United Kingdom,4,1528.38,30,596,0.11252866239217771,0
14159,2011-09-10 12:50:00,United Kingdom,6,2542.81,5,646,0.1125224931176702,0
17716,2011-09-10 12:50:00,United Kingdom,7,4136.66,4,646,0.11230604806085788,0
15260,2011-09-10 12:50:00,United Kingdom,5,1390.27,9,643,0.11182627724183068,0
15114,2011-09-10 12:50:00,United Kingdom,6,1419.92,2,330,0.11106929949013813,0
17404,2011-09-10 12:50:00,Sweden,6,14108.84,32,611,0.11104125259976795,0
14711,2011-09-10 12:50:00,United Kingdom,9,2355.63,0,171,0.10990819705750214,0
14852,2011-09-10 12:50:00,United Kingdom,5,2188.42,5,553,0.1098001569534647,0
14800,2011-09-10 12:50:00,United Kingdom,5,1449.6,19,344,0.10972508672257622,0
12428,2011-09-10 12:50:00,Finland,5,2578.9,29,193,0.10950410594168898,0
15023,2011-09-10 12:50:00,United Kingdom,5,3284.18,25,583,0.10881691790492397,0
14367,2011-09-10 12:50:00,United Kingdom,9,4436.54,47,185,0.10697085804897427,0
16592,2011-09-10 12:50:00,United Kingdom,9,1759.05,46,630,0.10691789932097764,0
14085,2011-09-10 12:50:00,United Kingdom,5,1104.83,50,640,0.10610317038254619,0
17338,2011-09-10 12:50:00,United Kingdom,4,2525.32,23,548,0.10530212145116971,0
14713,2011-09-10 12:50:00,United Kingdom,5,1256.57,8,645,0.10353819315466296,0
13090,2011-09-10 12:50:00,United Kingdom,4,3115.8199999999997,45,403,0.10348674119509466,0
17160,2011-09-10 12:50:00,United Kingdom,5,3001.1800000000003,18,645,0.1031397066287465,0
13137,2011-09-10 12:50:00,United Kingdom,4,1681.69,2,411,0.10305639289088943,0
18144,2011-09-10 12:50:00,United Kingdom,6,1505.5,19,632,0.1029097878591848,0
14062,2011-09-10 12:50:00,United Kingdom,6,5704.280000000001,1,638,0.1028137855116766,0
14239,2011-09-10 12:50:00,United Kingdom,6,1085.41,4,644,0.10280722530045432,0
12600,2011-09-10 12:50:00,Germany,5,1233.8200000000002,22,641,0.10220219478405149,0
17690,2011-09-10 12:50:00,United Kingdom,6,1924.88,11,583,0.10217501446621824,0
12747,2011-09-10 12:50:00,United Kingdom,4,1449.31,19,641,0.10217174547290025,0
16678,2011-09-10 12:50:00,United Kingdom,7,1825.12,8,192,0.10215685911322397,0
15356,2011-09-10 12:50:00,United Kingdom,5,1640.96,14,331,0.10208829036878109,0
15804,2011-09-10 12:50:00,United Kingdom,5,2554.84,3,108,0.10124176340662801,0
14810,2011-09-10 12:50:00,United Kingdom,5,1095.58,13,338,0.10113242116466573,0
16607,2011-09-10 12:50:00,United Kingdom,6,1164.8,37,498,0.09842015665881743,0
12843,2011-09-10 12:50:00,United Kingdom,7,1692.31,69,636,0.09742424088220789,0
15632,2011-09-10 12:50:00,United Kingdom,5,1957.21,31,184,0.09739520560574202,0
17611,2011-09-10 12:50:00,United Kingdom,5,1282.61,33,647,0.0954706913071431,0
15044,2011-09-10 12:50:00,United Kingdom,6,1984.08,45,632,0.09538852067704495,0
13571,2011-09-10 12:50:00,United Kingdom,7,1083.83,2,640,0.09444703786652768,0
13230,2011-09-10 12:50:00,United Kingdom,7,1409.18,47,540,0.09437116803171333,0
12678,2011-09-10 12:50:00,France,6,7707.55,10,610,0.09236425869634307,0
12647,2011-09-10 12:50:00,Germany,5,1693.1100000000001,35,604,0.09196769761254048,0
12712,2011-09-10 12:50:00,Germany,6,2658.3500000000004,16,640,0.09114901367701277,0
16011,2011-09-10 12:50:00,United Kingdom,8,1439.97,1,648,0.09108060149281648,0
15251,2011-09-10 12:50:00,United Kingdom,8,9695.82,0,589,0.09106105706398626,0
16393,2011-09-10 12:50:00,United Kingdom,6,1256.37,3,648,0.09084226459801986,0
17799,2011-09-10 12:50:00,United Kingdom,6,1504.28,8,635,0.0908416858416255,0
16818,2011-09-10 12:50:00,United Kingdom,9,2528.47,2,115,0.09021319533721157,0
12583,2011-09-10 12:50:00,France,5,1611.78,16,643,0.09006384071703251,0
17017,2011-09-10 12:50:00,United Kingdom,8,2545.3199999999997,71,645,0.0898246897676576,0
13082,2011-09-10 12:50:00,United Kingdom,8,3234.1899999999996,35,626,0.08890544583901025,0
12417,2011-09-10 12:50:00,Belgium,4,1791.74,16,643,0.08856536466931743,0
14031,2011-09-10 12:50:00,United Kingdom,7,5100.44,35,645,0.08811642694557675,0
15544,2011-09-10 12:50:00,United Kingdom,4,1573.25,29,589,0.08803018472215421,0
16353,2011-09-10 12:50:00,United Kingdom,5,1996.89,1,641,0.08797702291953703,0
14221,2011-09-10 12:50:00,United Kingdom,6,2304.06,22,521,0.0878854275282244,0
13985,2011-09-10 12:50:00,United Kingdom,7,2773.04,16,577,0.08778197903264333,0
12431,2011-09-10 12:50:00,Australia,6,2663.29,28,603,0.0874106703846056,0
17091,2011-09-10 12:50:00,United Kingdom,5,1803.85,7,632,0.08715935949526514,0
17857,2011-09-10 12:50:00,United Kingdom,11,12126.98,8,551,0.08690562535714666,0
17364,2011-09-10 12:50:00,United Kingdom,4,1693.02,46,641,0.08688476239053845,0
16145,2011-09-10 12:50:00,United Kingdom,5,1621.3899999999999,9,493,0.08671434051430756,0
18041,2011-09-10 12:50:00,United Kingdom,8,1341.44,13,604,0.08592792008623885,0
13756,2011-09-10 12:50:00,United Kingdom,5,1967.93,2,633,0.08584246118226886,0
14733,2011-09-10 12:50:00,United Kingdom,5,2103.48,20,311,0.08395299657669876,0
16180,2011-09-10 12:50:00,United Kingdom,8,10254.18,9,443,0.0839420104361537,0
16701,2011-09-10 12:50:00,United Kingdom,7,2827.8,39,647,0.08347283545417093,0
15854,2011-09-10 12:50:00,United Kingdom,6,1646.3899999999999,49,639,0.08177574181354429,0
17644,2011-09-10 12:50:00,United Kingdom,7,1625.63,29,571,0.0812949969934508,0
15955,2011-09-10 12:50:00,United Kingdom,7,1891.27,16,563,0.08077537654126421,0
13047,2011-09-10 12:50:00,United Kingdom,4,1856.48,36,633,0.08067527455419045,0
13911,2011-09-10 12:50:00,United Kingdom,6,1878.36,53,557,0.08038553355852382,0
16550,2011-09-10 12:50:00,United Kingdom,4,1744.31,18,647,0.08025474339692783,0
16161,2011-09-10 12:50:00,United Kingdom,5,1720.72,49,579,0.07980969587693673,0
16570,2011-09-10 12:50:00,United Kingdom,5,1684.0099999999998,36,529,0.07980605130736644,0
12949,2011-09-10 12:50:00,United Kingdom,7,3449.42,23,645,0.07893450171727814,0
15125,2011-09-10 12:50:00,United Kingdom,11,6954.6,22,527,0.07853298191653459,0
13327,2011-09-10 12:50:00,United Kingdom,4,1790.8500000000001,22,630,0.0783411959023689,0
13552,2011-09-10 12:50:00,United Kingdom,8,2449.21,33,567,0.0782937908666991,0
16241,2011-09-10 12:50:00,United Kingdom,8,1342.05,5,319,0.07754977453624814,0
15640,2011-09-10 12:50:00,United Kingdom,6,4558.360000000001,31,634,0.07663461648152442,0
15271,2011-09-10 12:50:00,United Kingdom,8,1227.73,4,400,0.0764139211660387,0
18225,2011-09-10 12:50:00,United Kingdom,5,2261.96,22,644,0.07628420902852782,0
14099,2011-09-10 12:50:00,United Kingdom,5,1491.19,29,639,0.07552531348843712,0
15981,2011-09-10 12:50:00,United Kingdom,5,2188.2,47,530,0.074816789981306,0
13769,2011-09-10 12:50:00,United Kingdom,6,1550.3,1,633,0.07438881288232974,0
15601,2011-09-10 12:50:00,United Kingdom,4,1795.26,32,647,0.07359516368590893,0
13629,2011-09-10 12:50:00,United Kingdom,6,4293.36,8,575,0.07344968437329152,0
17725,2011-09-10 12:50:00,United Kingdom,8,2507.12,10,176,0.07319743176065663,0
17139,2011-09-10 12:50:00,United Kingdom,6,4212.4400000000005,32,607,0.07210761922049876,0
14543,2011-09-10 12:50:00,United Kingdom,10,2288.25,18,647,0.07152966749332339,0
15291,2011-09-10 12:50:00,United Kingdom,6,1937.23,4,646,0.07089884800443291,0
13488,2011-09-10 12:50:00,United Kingdom,6,3200.62,30,593,0.07012682481861127,0
18118,2011-09-10 12:50:00,United Kingdom,12,2414.16,1,290,0.07011770677759875,0
12569,2011-09-10 12:50:00,Germany,15,2167.6800000000003,1,161,0.0682715748239737,0
17220,2011-09-10 12:50:00,United Kingdom,8,1650.58,8,598,0.06784240839543926,0
14282,2011-09-10 12:50:00,United Kingdom,8,1896.54,19,572,0.06783906507659157,0
13148,2011-09-10 12:50:00,United Kingdom,6,1697.3,43,641,0.06721112217431817,0
13178,2011-09-10 12:50:00,United Kingdom,6,3267.73,42,632,0.06694171012733795,0
16656,2011-09-10 12:50:00,United Kingdom,8,5718.360000000001,5,644,0.06660092558970433,0
17975,2011-09-10 12:50:00,United Kingdom,6,2083.61,24,400,0.06645862378110368,0
17920,2011-09-10 12:50:00,United Kingdom,6,1493.99,14,643,0.06493443177793341,0
13097,2011-09-10 12:50:00,United Kingdom,5,2973.31,32,647,0.06491877361761283,0
12839,2011-09-10 12:50:00,United Kingdom,6,2008.38,1,642,0.06450933567653246,0
14709,2011-09-10 12:50:00,United Kingdom,6,2769.44,3,643,0.06352934018390524,0
12437,2011-09-10 12:50:00,France,7,1828.45,7,646,0.063477625159861,0
15194,2011-09-10 12:50:00,United Kingdom,5,1955.8,36,646,0.06288181052052848,0
14110,2011-09-10 12:50:00,United Kingdom,5,3259.62,28,648,0.06244715222169435,0
12683,2011-09-10 12:50:00,France,8,4474.77,2,635,0.06232095684132566,0
14180,2011-09-10 12:50:00,United Kingdom,11,1796.3,0,457,0.06218144368884156,0
14057,2011-09-10 12:50:00,United Kingdom,8,2868.95,10,645,0.061863521457823166,0
14060,2011-09-10 12:50:00,United Kingdom,8,2171.32,17,548,0.06153677218777208,0
15218,2011-09-10 12:50:00,United Kingdom,7,3283.69,26,592,0.0611973751155891,0
16401,2011-09-10 12:50:00,United Kingdom,5,1789.62,41,464,0.06112796594785581,0
12931,2011-09-10 12:50:00,United Kingdom,8,30657.3,11,648,0.0606546694768889,0
15805,2011-09-10 12:50:00,United Kingdom,9,2623.94,15,638,0.06025698679543954,0
16705,2011-09-10 12:50:00,United Kingdom,7,6159.52,8,639,0.05979541318893849,0
15301,2011-09-10 12:50:00,United Kingdom,8,3054.0299999999997,23,359,0.05949142592936313,0
12662,2011-09-10 12:50:00,Germany,4,1754.08,16,527,0.059480250995688204,0
17001,2011-09-10 12:50:00,United Kingdom,5,1687.4,1,534,0.058750649351656414,0
14755,2011-09-10 12:50:00,United Kingdom,5,1873.1999999999998,22,645,0.05849724159766421,0
13777,2011-09-10 12:50:00,United Kingdom,9,3875.99,38,647,0.05831049609021026,0
18223,2011-09-10 12:50:00,United Kingdom,6,2361.5,6,645,0.058253835815010445,0
15046,2011-09-10 12:50:00,United Kingdom,6,2755.4900000000002,6,603,0.05812157184576511,0
16729,2011-09-10 12:50:00,United Kingdom,17,5343.27,8,150,0.05756799587188689,0
16928,2011-09-10 12:50:00,United Kingdom,12,2040.6499999999999,3,584,0.05720522218075587,0
15358,2011-09-10 12:50:00,United Kingdom,7,2182.91,30,642,0.05711180709190336,0
12709,2011-09-10 12:50:00,Germany,7,4035.7,5,639,0.05688839268720444,0
16458,2011-09-10 12:50:00,United Kingdom,8,1584.1,15,471,0.056856547351718516,0
13113,2011-09-10 12:50:00,United Kingdom,14,7948.32,23,530,0.05618693711298703,0
16712,2011-09-10 12:50:00,United Kingdom,7,2123.24,4,310,0.05609920875394779,0
15867,2011-09-10 12:50:00,United Kingdom,6,1878.54,22,634,0.055175137533023944,0
13013,2011-09-10 12:50:00,United Kingdom,7,2157.75,2,635,0.054301587916325736,0
12748,2011-09-10 12:50:00,United Kingdom,83,8569.36,0,644,0.05217596322984695,0
16945,2011-09-10 12:50:00,United Kingdom,8,1837.52,8,640,0.052049673004232966,0
16170,2011-09-10 12:50:00,United Kingdom,5,1560.6599999999999,22,568,0.05148344029314768,0
13458,2011-09-10 12:50:00,United Kingdom,6,3507.6000000000004,9,297,0.05120598573136151,0
13269,2011-09-10 12:50:00,United Kingdom,6,2316.33,19,647,0.051019555234008064,0
14415,2011-09-10 12:50:00,United Kingdom,6,2184.57,7,632,0.049870877358859665,0
12841,2011-09-10 12:50:00,United Kingdom,8,1357.44,16,428,0.04976688763360909,0
14092,2011-09-10 12:50:00,United Kingdom,7,1825.19,9,632,0.04974850785462957,0
13576,2011-09-10 12:50:00,United Kingdom,9,3153.9,6,640,0.04798675618600043,0
16722,2011-09-10 12:50:00,United Kingdom,7,2542.7,9,645,0.04777082507521867,0
15939,2011-09-10 12:50:00,United Kingdom,9,3948.7999999999997,16,284,0.04764214510198593,0
17730,2011-09-10 12:50:00,United Kingdom,5,1957.5500000000002,15,499,0.04712677352450878,0
13999,2011-09-10 12:50:00,United Kingdom,7,2259.27,5,644,0.04655795040656797,0
16713,2011-09-10 12:50:00,United Kingdom,7,2354.65,25,634,0.04628383316663471,0
17576,2011-09-10 12:50:00,United Kingdom,8,1545.86,8,645,0.04628289550049151,0
15290,2011-09-10 12:50:00,United Kingdom,7,2293.46,13,563,0.04627616787709423,0
15249,2011-09-10 12:50:00,United Kingdom,11,5639.34,1,532,0.045731710272879186,0
14796,2011-09-10 12:50:00,United Kingdom,8,4295.79,4,634,0.045633420203983775,0
15144,2011-09-10 12:50:00,United Kingdom,9,3182.52,2,636,0.044896771250387865,0
15738,2011-09-10 12:50:00,United Kingdom,9,2568.3100000000004,6,638,0.04477431121278976,0
14040,2011-09-10 12:50:00,United Kingdom,7,1820.4099999999999,3,648,0.04399427214544013,0
18229,2011-09-10 12:50:00,United Kingdom,10,3839.16,3,645,0.04399012681668344,0
14735,2011-09-10 12:50:00,United Kingdom,18,2578.86,8,645,0.04368316043105255,0
15498,2011-09-10 12:50:00,United Kingdom,12,4470.81,30,632,0.043635430957214026,0
14189,2011-09-10 12:50:00,United Kingdom,7,2102.4300000000003,5,298,0.04274646843177316,0
16523,2011-09-10 12:50:00,United Kingdom,12,4502.05,5,593,0.0411019015130283,0
15838,2011-09-10 12:50:00,United Kingdom,9,9641.26,18,634,0.04075276778145316,0
14534,2011-09-10 12:50:00,United Kingdom,10,2072.41,5,543,0.04051289743068874,0
18226,2011-09-10 12:50:00,United Kingdom,8,3833.73,30,554,0.040408576110465194,0
15129,2011-09-10 12:50:00,United Kingdom,9,2441.33,16,519,0.0398746440913737,0
13854,2011-09-10 12:50:00,United Kingdom,12,3870.6,1,610,0.039582136137470775,0
13050,2011-09-10 12:50:00,United Kingdom,6,2380.21,15,633,0.039026415149476495,0
13267,2011-09-10 12:50:00,United Kingdom,9,1882.82,1,641,0.0388477707489765,0
12540,2011-09-10 12:50:00,Spain,8,6929.69,1,641,0.038570437851546124,0
16186,2011-09-10 12:50:00,United Kingdom,8,2388.85,12,639,0.03849085139893924,0
15555,2011-09-10 12:50:00,United Kingdom,7,1819.81,13,643,0.03845420482869819,0
13004,2011-09-10 12:50:00,United Kingdom,7,2193.05,23,634,0.037579841616200864,0
16700,2011-09-10 12:50:00,United Kingdom,7,2817.65,31,647,0.035480684962926584,0
15061,2011-09-10 12:50:00,United Kingdom,17,13050.859999999999,37,648,0.03507328165395042,0
16923,2011-09-10 12:50:00,United Kingdom,10,2899.6,8,587,0.034902379929222176,0
12415,2011-09-10 12:50:00,Australia,11,64245.14,8,437,0.03352003378813435,0
13199,2011-09-10 12:50:00,United Kingdom,13,2791.2000000000003,1,644,0.033062670654601556,0
12901,2011-09-10 12:50:00,United Kingdom,18,11289.67,18,180,0.032767031535990546,0
13881,2011-09-10 12:50:00,United Kingdom,9,7699.4400000000005,5,554,0.03262234742527706,0
13668,2011-09-10 12:50:00,United Kingdom,12,3151.8900000000003,22,637,0.032037895397735876,0
13534,2011-09-10 12:50:00,United Kingdom,13,3341.78,17,429,0.031996172072142774,0
16904,2011-09-10 12:50:00,United Kingdom,10,2316.14,4,320,0.031708807683583924,0
13069,2011-09-10 12:50:00,United Kingdom,14,2629.9300000000003,9,452,0.0311568507202158,0
16931,2011-09-10 12:50:00,United Kingdom,10,2015.1399999999999,12,306,0.030353586785972383,0
16684,2011-09-10 12:50:00,United Kingdom,12,24071.52,42,641,0.030271927815451925,0
14911,2011-09-10 12:50:00,EIRE,83,61776.16,2,648,0.030228689979649323,0
14527,2011-09-10 12:50:00,United Kingdom,25,3050.58,8,647,0.030128400819465256,0
17243,2011-09-10 12:50:00,United Kingdom,8,2288.16,2,647,0.029687569973728182,0
14051,2011-09-10 12:50:00,United Kingdom,10,6145.4800000000005,1,646,0.02942110890780115,0
17811,2011-09-10 12:50:00,United Kingdom,14,1926.69,1,355,0.028909941583835946,0
13102,2011-09-10 12:50:00,United Kingdom,10,2580.16,43,491,0.02852098542455152,0
15719,2011-09-10 12:50:00,United Kingdom,8,3019.27,9,648,0.028370602131628148,0
18172,2011-09-10 12:50:00,United Kingdom,9,3656.9,8,638,0.027534839784146486,0
14298,2011-09-10 12:50:00,United Kingdom,23,29358.61,8,637,0.027405146949817633,0
17581,2011-09-10 12:50:00,United Kingdom,11,4457.31,19,646,0.027298218947803068,0
17949,2011-09-10 12:50:00,United Kingdom,27,44043.1,2,647,0.026789341188505025,0
16033,2011-09-10 12:50:00,United Kingdom,10,3973.73,17,394,0.02673326701630905,0
13018,2011-09-10 12:50:00,United Kingdom,16,4433.26,2,558,0.026001764917231083,0
17757,2011-09-10 12:50:00,United Kingdom,11,2030.98,23,604,0.024393999167898302,0
17865,2011-09-10 12:50:00,United Kingdom,8,4685.99,17,648,0.02301963347881696,0
17719,2011-09-10 12:50:00,United Kingdom,12,4477.4,15,165,0.022931007478769524,0
17306,2011-09-10 12:50:00,United Kingdom,11,4657.98,9,313,0.022621596151676242,0
16814,2011-09-10 12:50:00,United Kingdom,9,3011.58,18,517,0.02248542743351034,0
13263,2011-09-10 12:50:00,United Kingdom,21,4286.1,17,322,0.0221787802278852,0
16672,2011-09-10 12:50:00,United Kingdom,17,6911.84,8,176,0.0221731877567764,0
14680,2011-09-10 12:50:00,United Kingdom,9,17138.44,4,645,0.022018183235737232,0
16168,2011-09-10 12:50:00,United Kingdom,16,2228.62,4,646,0.02181366227355094,0
13418,2011-09-10 12:50:00,United Kingdom,10,3164.51,8,637,0.020575271127557197,0
15159,2011-09-10 12:50:00,United Kingdom,12,5617.75,22,341,0.020286613101770413,0
13798,2011-09-10 12:50:00,United Kingdom,29,17160.22,2,640,0.02021816706141489,0
16779,2011-09-10 12:50:00,United Kingdom,8,3879.0,16,645,0.02001306068196235,0
16558,2011-09-10 12:50:00,United Kingdom,9,2874.13,1,645,0.019681235885007312,0
13767,2011-09-10 12:50:00,United Kingdom,17,5532.55,18,648,0.019429536620928556,0
16013,2011-09-10 12:50:00,United Kingdom,20,14628.439999999999,8,641,0.018765842298307942,0
12474,2011-09-10 12:50:00,Germany,9,3474.68,8,576,0.01848892086679509,0
17841,2011-09-10 12:50:00,United Kingdom,55,17427.39,1,646,0.018432133219606753,0
14056,2011-09-10 12:50:00,United Kingdom,15,4519.17,16,193,0.01836956096378523,0
12720,2011-09-10 12:50:00,Germany,13,2584.51,3,416,0.018230904976014373,0
14194,2011-09-10 12:50:00,United Kingdom,11,5149.5,15,612,0.01807173084245092,0
14849,2011-09-10 12:50:00,United Kingdom,9,4356.5,4,608,0.017895253145715544,0
14895,2011-09-10 12:50:00,United Kingdom,12,5628.45,0,638,0.017868872759015893,0
13089,2011-09-10 12:50:00,United Kingdom,45,26435.17,9,646,0.017649750355836057,0
13969,2011-09-10 12:50:00,United Kingdom,9,3220.4,16,533,0.017219477659400267,0
16525,2011-09-10 12:50:00,United Kingdom,13,6647.88,8,646,0.016683690157748284,0
14606,2011-09-10 12:50:00,United Kingdom,41,5190.75,3,646,0.015677296237094518,0
17068,2011-09-10 12:50:00,United Kingdom,11,2501.44,4,530,0.015351362763181416,0
15513,2011-09-10 12:50:00,United Kingdom,10,7143.780000000001,4,604,0.014885105111545458,0
14646,2011-09-10 12:50:00,Netherlands,32,120436.59999999999,2,646,0.0148305944771485,0
15769,2011-09-10 12:50:00,United Kingdom,12,28747.239999999998,11,638,0.01459636613906009,0
15189,2011-09-10 12:50:00,United Kingdom,28,11016.05,0,418,0.013980730578446232,0
16843,2011-09-10 12:50:00,United Kingdom,11,6809.78,3,639,0.013204346310334509,0
16746,2011-09-10 12:50:00,United Kingdom,9,3158.19,10,644,0.01293317397443428,0
18102,2011-09-10 12:50:00,United Kingdom,20,95684.66,8,648,0.012554209313072119,0
13468,2011-09-10 12:50:00,United Kingdom,18,2757.35,2,645,0.012526548762883779,0
14156,2011-09-10 12:50:00,EIRE,30,64248.37,2,648,0.012423013908602914,0
17389,2011-09-10 12:50:00,United Kingdom,18,8499.619999999999,5,645,0.011664417645554584,0
14688,2011-09-10 12:50:00,United Kingdom,10,2486.03,2,366,0.011179035012755426,0
13319,2011-09-10 12:50:00,United Kingdom,10,4195.39,1,642,0.011139955198580298,0
15005,2011-09-10 12:50:00,United Kingdom,15,3405.29,5,647,0.011060743995161916,0
15311,2011-09-10 12:50:00,United Kingdom,35,29112.87,3,648,0.010840053175246065,0
17511,2011-09-10 12:50:00,United Kingdom,15,41018.89,3,647,0.010805169661799724,0
13078,2011-09-10 12:50:00,United Kingdom,9,4076.3900000000003,16,648,0.01062842845747773,0
12971,2011-09-10 12:50:00,United Kingdom,43,5913.82,1,633,0.010608632103839465,0
14667,2011-09-10 12:50:00,United Kingdom,10,3280.31,4,647,0.010499704309304622,0
15039,2011-09-10 12:50:00,United Kingdom,23,11285.85,1,639,0.010410421307785038,0
12471,2011-09-10 12:50:00,Germany,12,5152.889999999999,16,642,0.010211895096319956,0
17315,2011-09-10 12:50:00,United Kingdom,21,3080.31,9,348,0.01014707154714407,0
18109,2011-09-10 12:50:00,United Kingdom,12,3613.3,0,436,0.008979255304009554,0
16187,2011-09-10 12:50:00,United Kingdom,10,4719.8,8,193,0.00890307838332419,0
16839,2011-09-10 12:50:00,United Kingdom,15,7570.63,19,575,0.008629824234493952,0
17735,2011-09-10 12:50:00,United Kingdom,13,9195.22,3,406,0.008613971004057669,0
17381,2011-09-10 12:50:00,United Kingdom,14,9062.23,8,457,0.008502421674676568,0
12921,2011-09-10 12:50:00,United Kingdom,17,6910.09,7,647,0.007884939102387087,0
16745,2011-09-10 12:50:00,United Kingdom,11,4592.08,7,221,0.0073179747189377085,0
15078,2011-09-10 12:50:00,United Kingdom,15,4483.950000000001,15,645,0.006863849024055817,0
16422,2011-09-10 12:50:00,United Kingdom,24,21419.53,9,606,0.006820136819366501,0
15856,2011-09-10 12:50:00,United Kingdom,13,6887.72,4,645,0.0067724050028826815,0
12621,2011-09-10 12:50:00,Germany,11,7276.15,9,578,0.006727983903378821,0
15615,2011-09-10 12:50:00,United Kingdom,14,4932.75,15,646,0.006482249574244311,0
17428,2011-09-10 12:50:00,United Kingdom,13,7040.27,20,647,0.006180640898665072,0
13694,2011-09-10 12:50:00,United Kingdom,28,31594.14,16,644,0.006093643327917939,0
17450,2011-09-10 12:50:00,United Kingdom,17,63552.799999999996,4,347,0.006052904230902895,0
17677,2011-09-10 12:50:00,United Kingdom,14,8955.4,9,633,0.005987803494493521,0
13408,2011-09-10 12:50:00,United Kingdom,31,11877.59,9,645,0.00572968692565506,0
13098,2011-09-10 12:50:00,United Kingdom,15,13926.66,3,226,0.005654609375859501,0
16133,2011-09-10 12:50:00,United Kingdom,21,9988.36,10,528,0.005651984697504158,0
16029,2011-09-10 12:50:00,United Kingdom,37,34677.87,3,641,0.005481156702357182,0
12682,2011-09-10 12:50:00,France,14,4828.38,10,648,0.004955491356029843,0
17675,2011-09-10 12:50:00,United Kingdom,17,10427.45,10,638,0.004849724892444577,0
